-- Fresh Data Seed
SET SQL_MODE = 'NO_AUTO_VALUE_ON_ZERO';
SET FOREIGN_KEY_CHECKS = 0;
-- Resetting tables and auto-increment counters
TRUNCATE TABLE paymentInfo;
TRUNCATE TABLE userinfo;
TRUNCATE TABLE spot;
TRUNCATE TABLE address;
TRUNCATE TABLE account;
SET FOREIGN_KEY_CHECKS = 1;
START TRANSACTION;
INSERT INTO account (accountID, email, password, permission) VALUES (1, 'carmen.gordon@example.com', 'sylvia', 'user');
INSERT INTO address (addressID, country, province, district, street, houseNumber) VALUES (1, 'United States', 'Alaska', 'Cape Fear', 'Spring St', '3901');
INSERT INTO userinfo (userID, accountID, FName, LName, gender, DOB, phone, email, createdDate, profile, address) VALUES (1, 1, 'Carmen', 'Gordon', 'female', '1962-07-17', '(671) 521-4861', 'carmen.gordon@example.com', CURDATE(), 'https://randomuser.me/api/portraits/women/32.jpg', 'Spring St');
INSERT INTO paymentInfo (paymentID, userID, paymentType, cardCode, expireDate, cvv) VALUES (1, 1, 'Visa', '4604 5089 7063', '2029-01-01', '646');
INSERT INTO spot (spotID, name, type, status, phone, addressID, detail, price, discount, photo) VALUES (1, 'Travel-Packages Option 1', 'Travel-Packages', 'available', '(671) 521-4861', 1, 'Premium Travel-Packages located in Cape Fear', 1964, 0.00, 'https://picsum.photos/seed/0/800/600');
INSERT INTO account (accountID, email, password, permission) VALUES (2, 'clara.pelletier@example.com', '187187', 'user');
INSERT INTO address (addressID, country, province, district, street, houseNumber) VALUES (2, 'Canada', 'British Columbia', 'Summerside', 'Grand Ave', '6838');
INSERT INTO userinfo (userID, accountID, FName, LName, gender, DOB, phone, email, createdDate, profile, address) VALUES (2, 2, 'Clara', 'Pelletier', 'female', '1997-03-20', 'F36 B31-4721', 'clara.pelletier@example.com', CURDATE(), 'https://randomuser.me/api/portraits/women/74.jpg', 'Grand Ave');
INSERT INTO paymentInfo (paymentID, userID, paymentType, cardCode, expireDate, cvv) VALUES (2, 2, 'Visa', '4367 8913 9174', '2029-01-01', '264');
INSERT INTO spot (spotID, name, type, status, phone, addressID, detail, price, discount, photo) VALUES (2, 'Luxury-Hotels Option 2', 'Luxury-Hotels', 'unavailable', 'F36 B31-4721', 2, 'Premium Luxury-Hotels located in Summerside', 1203, 0.00, 'https://picsum.photos/seed/1/800/600');
INSERT INTO account (accountID, email, password, permission) VALUES (3, 'hunter.brown@example.com', 'george1', 'user');
INSERT INTO address (addressID, country, province, district, street, houseNumber) VALUES (3, 'Canada', 'Nunavut', 'Dorchester', 'Dieppe Ave', '8197');
INSERT INTO userinfo (userID, accountID, FName, LName, gender, DOB, phone, email, createdDate, profile, address) VALUES (3, 3, 'Hunter', 'Brown', 'male', '1979-10-10', 'F36 E07-6536', 'hunter.brown@example.com', CURDATE(), 'https://randomuser.me/api/portraits/men/83.jpg', 'Dieppe Ave');
INSERT INTO paymentInfo (paymentID, userID, paymentType, cardCode, expireDate, cvv) VALUES (3, 3, 'Visa', '4661 1071 2845', '2029-01-01', '338');
INSERT INTO spot (spotID, name, type, status, phone, addressID, detail, price, discount, photo) VALUES (3, 'Vehicle-Rental Option 3', 'Vehicle-Rental', 'available', 'F36 E07-6536', 3, 'Premium Vehicle-Rental located in Dorchester', 103, 0.00, 'https://picsum.photos/seed/2/800/600');
INSERT INTO account (accountID, email, password, permission) VALUES (4, 'evan.washington@example.com', 'nineinch', 'user');
INSERT INTO address (addressID, country, province, district, street, houseNumber) VALUES (4, 'United States', 'Tennessee', 'Cedar Hill', 'E North St', '8479');
INSERT INTO userinfo (userID, accountID, FName, LName, gender, DOB, phone, email, createdDate, profile, address) VALUES (4, 4, 'Evan', 'Washington', 'male', '1971-11-18', '(922) 730-6279', 'evan.washington@example.com', CURDATE(), 'https://randomuser.me/api/portraits/men/25.jpg', 'E North St');
INSERT INTO paymentInfo (paymentID, userID, paymentType, cardCode, expireDate, cvv) VALUES (4, 4, 'Visa', '6416 3335 1369', '2029-01-01', '273');
INSERT INTO spot (spotID, name, type, status, phone, addressID, detail, price, discount, photo) VALUES (4, 'Vehicle-Rental Option 4', 'Vehicle-Rental', 'unavailable', '(922) 730-6279', 4, 'Premium Vehicle-Rental located in Cedar Hill', 140, 0.00, 'https://picsum.photos/seed/3/800/600');
INSERT INTO account (accountID, email, password, permission) VALUES (5, 'kathy.reyes@example.com', 'immortal', 'user');
INSERT INTO address (addressID, country, province, district, street, houseNumber) VALUES (5, 'United States', 'Virginia', 'Pueblo', 'Daisy Dr', '3575');
INSERT INTO userinfo (userID, accountID, FName, LName, gender, DOB, phone, email, createdDate, profile, address) VALUES (5, 5, 'Kathy', 'Reyes', 'female', '1965-12-22', '(938) 756-6216', 'kathy.reyes@example.com', CURDATE(), 'https://randomuser.me/api/portraits/women/93.jpg', 'Daisy Dr');
INSERT INTO paymentInfo (paymentID, userID, paymentType, cardCode, expireDate, cvv) VALUES (5, 5, 'Visa', '5865 7389 7413', '2029-01-01', '310');
INSERT INTO spot (spotID, name, type, status, phone, addressID, detail, price, discount, photo) VALUES (5, 'Room-Rentals Option 5', 'Room-Rentals', 'unavailable', '(938) 756-6216', 5, 'Premium Room-Rentals located in Pueblo', 1351, 0.00, 'https://picsum.photos/seed/4/800/600');
INSERT INTO account (accountID, email, password, permission) VALUES (6, 'danielle.sullivan@example.com', 'uptown', 'user');
INSERT INTO address (addressID, country, province, district, street, houseNumber) VALUES (6, 'United Kingdom', 'Oxfordshire', 'Gloucester', 'Church Road', '4148');
INSERT INTO userinfo (userID, accountID, FName, LName, gender, DOB, phone, email, createdDate, profile, address) VALUES (6, 6, 'Danielle', 'Sullivan', 'female', '1947-12-03', '015394 58162', 'danielle.sullivan@example.com', CURDATE(), 'https://randomuser.me/api/portraits/women/63.jpg', 'Church Road');
INSERT INTO paymentInfo (paymentID, userID, paymentType, cardCode, expireDate, cvv) VALUES (6, 6, 'Visa', '6826 9605 3853', '2029-01-01', '540');
INSERT INTO spot (spotID, name, type, status, phone, addressID, detail, price, discount, photo) VALUES (6, 'Luxury-Hotels Option 6', 'Luxury-Hotels', 'unavailable', '015394 58162', 6, 'Premium Luxury-Hotels located in Gloucester', 666, 0.00, 'https://picsum.photos/seed/5/800/600');
INSERT INTO account (accountID, email, password, permission) VALUES (7, 'isabelle.marshall@example.com', 'chaos', 'user');
INSERT INTO address (addressID, country, province, district, street, houseNumber) VALUES (7, 'United Kingdom', 'Leicestershire', 'Inverness', 'George Street', '6904');
INSERT INTO userinfo (userID, accountID, FName, LName, gender, DOB, phone, email, createdDate, profile, address) VALUES (7, 7, 'Isabelle', 'Marshall', 'female', '1947-03-29', '01191 64071', 'isabelle.marshall@example.com', CURDATE(), 'https://randomuser.me/api/portraits/women/25.jpg', 'George Street');
INSERT INTO paymentInfo (paymentID, userID, paymentType, cardCode, expireDate, cvv) VALUES (7, 7, 'Visa', '3180 8520 5175', '2029-01-01', '787');
INSERT INTO spot (spotID, name, type, status, phone, addressID, detail, price, discount, photo) VALUES (7, 'Travel-Packages Option 7', 'Travel-Packages', 'unavailable', '01191 64071', 7, 'Premium Travel-Packages located in Inverness', 937, 0.00, 'https://picsum.photos/seed/6/800/600');
INSERT INTO account (accountID, email, password, permission) VALUES (8, 'katherine.bell@example.com', 'fordf150', 'user');
INSERT INTO address (addressID, country, province, district, street, houseNumber) VALUES (8, 'United Kingdom', 'Cambridgeshire', 'Belfast', 'Park Lane', '3241');
INSERT INTO userinfo (userID, accountID, FName, LName, gender, DOB, phone, email, createdDate, profile, address) VALUES (8, 8, 'Katherine', 'Bell', 'female', '1950-09-12', '017683 57330', 'katherine.bell@example.com', CURDATE(), 'https://randomuser.me/api/portraits/women/15.jpg', 'Park Lane');
INSERT INTO paymentInfo (paymentID, userID, paymentType, cardCode, expireDate, cvv) VALUES (8, 8, 'Visa', '5240 1581 2050', '2029-01-01', '255');
INSERT INTO spot (spotID, name, type, status, phone, addressID, detail, price, discount, photo) VALUES (8, 'Travel-Packages Option 8', 'Travel-Packages', 'unavailable', '017683 57330', 8, 'Premium Travel-Packages located in Belfast', 619, 0.00, 'https://picsum.photos/seed/7/800/600');
INSERT INTO account (accountID, email, password, permission) VALUES (9, 'lucas.gonzalez@example.com', 'neville', 'user');
INSERT INTO address (addressID, country, province, district, street, houseNumber) VALUES (9, 'United Kingdom', 'Lancashire', 'St Davids', 'Grange Road', '6870');
INSERT INTO userinfo (userID, accountID, FName, LName, gender, DOB, phone, email, createdDate, profile, address) VALUES (9, 9, 'Lucas', 'Gonzalez', 'male', '1976-12-22', '01087 727155', 'lucas.gonzalez@example.com', CURDATE(), 'https://randomuser.me/api/portraits/men/48.jpg', 'Grange Road');
INSERT INTO paymentInfo (paymentID, userID, paymentType, cardCode, expireDate, cvv) VALUES (9, 9, 'Visa', '4710 9130 6078', '2029-01-01', '609');
INSERT INTO spot (spotID, name, type, status, phone, addressID, detail, price, discount, photo) VALUES (9, 'Tour-Guides Option 9', 'Tour-Guides', 'available', '01087 727155', 9, 'Premium Tour-Guides located in St Davids', 443, 0.00, 'https://picsum.photos/seed/8/800/600');
INSERT INTO account (accountID, email, password, permission) VALUES (10, 'annette.patterson@example.com', 'passwd', 'user');
INSERT INTO address (addressID, country, province, district, street, houseNumber) VALUES (10, 'United States', 'Washington', 'Norman', 'W Campbell Ave', '1883');
INSERT INTO userinfo (userID, accountID, FName, LName, gender, DOB, phone, email, createdDate, profile, address) VALUES (10, 10, 'Annette', 'Patterson', 'female', '1956-07-12', '(896) 490-8177', 'annette.patterson@example.com', CURDATE(), 'https://randomuser.me/api/portraits/women/4.jpg', 'W Campbell Ave');
INSERT INTO paymentInfo (paymentID, userID, paymentType, cardCode, expireDate, cvv) VALUES (10, 10, 'Visa', '5477 2463 3829', '2029-01-01', '821');
INSERT INTO spot (spotID, name, type, status, phone, addressID, detail, price, discount, photo) VALUES (10, 'Tour-Guides Option 10', 'Tour-Guides', 'unavailable', '(896) 490-8177', 10, 'Premium Tour-Guides located in Norman', 824, 0.00, 'https://picsum.photos/seed/9/800/600');
INSERT INTO account (accountID, email, password, permission) VALUES (11, 'ana.carter@example.com', 'samsam', 'user');
INSERT INTO address (addressID, country, province, district, street, houseNumber) VALUES (11, 'United States', 'Washington', 'Overland Park', 'Pockrus Page Rd', '3638');
INSERT INTO userinfo (userID, accountID, FName, LName, gender, DOB, phone, email, createdDate, profile, address) VALUES (11, 11, 'Ana', 'Carter', 'female', '1960-03-12', '(283) 774-3050', 'ana.carter@example.com', CURDATE(), 'https://randomuser.me/api/portraits/women/56.jpg', 'Pockrus Page Rd');
INSERT INTO paymentInfo (paymentID, userID, paymentType, cardCode, expireDate, cvv) VALUES (11, 11, 'Visa', '5247 6326 6370', '2029-01-01', '335');
INSERT INTO spot (spotID, name, type, status, phone, addressID, detail, price, discount, photo) VALUES (11, 'Tour-Guides Option 11', 'Tour-Guides', 'available', '(283) 774-3050', 11, 'Premium Tour-Guides located in Overland Park', 1500, 0.00, 'https://picsum.photos/seed/10/800/600');
INSERT INTO account (accountID, email, password, permission) VALUES (12, 'franklin.cox@example.com', '333333', 'user');
INSERT INTO address (addressID, country, province, district, street, houseNumber) VALUES (12, 'United States', 'Wyoming', 'Murfreesboro', 'E Pecan St', '3355');
INSERT INTO userinfo (userID, accountID, FName, LName, gender, DOB, phone, email, createdDate, profile, address) VALUES (12, 12, 'Franklin', 'Cox', 'male', '1952-11-05', '(433) 222-5702', 'franklin.cox@example.com', CURDATE(), 'https://randomuser.me/api/portraits/men/38.jpg', 'E Pecan St');
INSERT INTO paymentInfo (paymentID, userID, paymentType, cardCode, expireDate, cvv) VALUES (12, 12, 'Visa', '1372 4171 2093', '2029-01-01', '825');
INSERT INTO spot (spotID, name, type, status, phone, addressID, detail, price, discount, photo) VALUES (12, 'Luxury-Hotels Option 12', 'Luxury-Hotels', 'unavailable', '(433) 222-5702', 12, 'Premium Luxury-Hotels located in Murfreesboro', 1029, 0.00, 'https://picsum.photos/seed/11/800/600');
INSERT INTO account (accountID, email, password, permission) VALUES (13, 'kristin.fleming@example.com', 'simpsons', 'user');
INSERT INTO address (addressID, country, province, district, street, houseNumber) VALUES (13, 'United Kingdom', 'Dorset', 'Derby', 'Highfield Road', '2074');
INSERT INTO userinfo (userID, accountID, FName, LName, gender, DOB, phone, email, createdDate, profile, address) VALUES (13, 13, 'Kristin', 'Fleming', 'female', '1945-06-27', '016977 02041', 'kristin.fleming@example.com', CURDATE(), 'https://randomuser.me/api/portraits/women/68.jpg', 'Highfield Road');
INSERT INTO paymentInfo (paymentID, userID, paymentType, cardCode, expireDate, cvv) VALUES (13, 13, 'Visa', '4157 1605 5271', '2029-01-01', '911');
INSERT INTO spot (spotID, name, type, status, phone, addressID, detail, price, discount, photo) VALUES (13, 'Luxury-Hotels Option 13', 'Luxury-Hotels', 'available', '016977 02041', 13, 'Premium Luxury-Hotels located in Derby', 344, 0.00, 'https://picsum.photos/seed/12/800/600');
INSERT INTO account (accountID, email, password, permission) VALUES (14, 'elizabeth.howard@example.com', 'vvvv', 'user');
INSERT INTO address (addressID, country, province, district, street, houseNumber) VALUES (14, 'United Kingdom', 'West Glamorgan', 'Hereford', 'Chester Road', '2964');
INSERT INTO userinfo (userID, accountID, FName, LName, gender, DOB, phone, email, createdDate, profile, address) VALUES (14, 14, 'Elizabeth', 'Howard', 'female', '1947-10-07', '017684 52593', 'elizabeth.howard@example.com', CURDATE(), 'https://randomuser.me/api/portraits/women/35.jpg', 'Chester Road');
INSERT INTO paymentInfo (paymentID, userID, paymentType, cardCode, expireDate, cvv) VALUES (14, 14, 'Visa', '9493 7994 2533', '2029-01-01', '778');
INSERT INTO spot (spotID, name, type, status, phone, addressID, detail, price, discount, photo) VALUES (14, 'Luxury-Hotels Option 14', 'Luxury-Hotels', 'unavailable', '017684 52593', 14, 'Premium Luxury-Hotels located in Hereford', 1021, 0.00, 'https://picsum.photos/seed/13/800/600');
INSERT INTO account (accountID, email, password, permission) VALUES (15, 'oliver.williams@example.com', 'wibble', 'user');
INSERT INTO address (addressID, country, province, district, street, houseNumber) VALUES (15, 'Canada', 'British Columbia', 'Chipman', 'Coastal Highway', '5383');
INSERT INTO userinfo (userID, accountID, FName, LName, gender, DOB, phone, email, createdDate, profile, address) VALUES (15, 15, 'Oliver', 'Williams', 'male', '1971-05-02', 'F29 M71-5180', 'oliver.williams@example.com', CURDATE(), 'https://randomuser.me/api/portraits/men/95.jpg', 'Coastal Highway');
INSERT INTO paymentInfo (paymentID, userID, paymentType, cardCode, expireDate, cvv) VALUES (15, 15, 'Visa', '1454 2141 2554', '2029-01-01', '196');
INSERT INTO spot (spotID, name, type, status, phone, addressID, detail, price, discount, photo) VALUES (15, 'Travel-Packages Option 15', 'Travel-Packages', 'available', 'F29 M71-5180', 15, 'Premium Travel-Packages located in Chipman', 1914, 0.00, 'https://picsum.photos/seed/14/800/600');
INSERT INTO account (accountID, email, password, permission) VALUES (16, 'lloyd.bryant@example.com', 'creative', 'user');
INSERT INTO address (addressID, country, province, district, street, houseNumber) VALUES (16, 'United Kingdom', 'North Yorkshire', 'Sheffield', 'West Street', '3939');
INSERT INTO userinfo (userID, accountID, FName, LName, gender, DOB, phone, email, createdDate, profile, address) VALUES (16, 16, 'Lloyd', 'Bryant', 'male', '1956-02-11', '017684 50722', 'lloyd.bryant@example.com', CURDATE(), 'https://randomuser.me/api/portraits/men/82.jpg', 'West Street');
INSERT INTO paymentInfo (paymentID, userID, paymentType, cardCode, expireDate, cvv) VALUES (16, 16, 'Visa', '9170 7163 9980', '2029-01-01', '597');
INSERT INTO spot (spotID, name, type, status, phone, addressID, detail, price, discount, photo) VALUES (16, 'Tour-Guides Option 16', 'Tour-Guides', 'available', '017684 50722', 16, 'Premium Tour-Guides located in Sheffield', 166, 0.00, 'https://picsum.photos/seed/15/800/600');
INSERT INTO account (accountID, email, password, permission) VALUES (17, 'paul.henderson@example.com', 'project', 'user');
INSERT INTO address (addressID, country, province, district, street, houseNumber) VALUES (17, 'United States', 'Colorado', 'Pueblo', 'Karen Dr', '9558');
INSERT INTO userinfo (userID, accountID, FName, LName, gender, DOB, phone, email, createdDate, profile, address) VALUES (17, 17, 'Paul', 'Henderson', 'male', '1953-03-19', '(503) 546-9300', 'paul.henderson@example.com', CURDATE(), 'https://randomuser.me/api/portraits/men/81.jpg', 'Karen Dr');
INSERT INTO paymentInfo (paymentID, userID, paymentType, cardCode, expireDate, cvv) VALUES (17, 17, 'Visa', '6739 9038 1672', '2029-01-01', '320');
INSERT INTO spot (spotID, name, type, status, phone, addressID, detail, price, discount, photo) VALUES (17, 'Room-Rentals Option 17', 'Room-Rentals', 'unavailable', '(503) 546-9300', 17, 'Premium Room-Rentals located in Pueblo', 2052, 0.00, 'https://picsum.photos/seed/16/800/600');
INSERT INTO account (accountID, email, password, permission) VALUES (18, 'lea.gagne@example.com', 'jermaine', 'user');
INSERT INTO address (addressID, country, province, district, street, houseNumber) VALUES (18, 'Canada', 'British Columbia', 'Chatham', 'Oak St', '432');
INSERT INTO userinfo (userID, accountID, FName, LName, gender, DOB, phone, email, createdDate, profile, address) VALUES (18, 18, 'Lea', 'Gagné', 'female', '1960-11-17', 'B17 P19-6850', 'lea.gagne@example.com', CURDATE(), 'https://randomuser.me/api/portraits/women/27.jpg', 'Oak St');
INSERT INTO paymentInfo (paymentID, userID, paymentType, cardCode, expireDate, cvv) VALUES (18, 18, 'Visa', '6150 9601 4142', '2029-01-01', '776');
INSERT INTO spot (spotID, name, type, status, phone, addressID, detail, price, discount, photo) VALUES (18, 'Travel-Packages Option 18', 'Travel-Packages', 'available', 'B17 P19-6850', 18, 'Premium Travel-Packages located in Chatham', 160, 0.00, 'https://picsum.photos/seed/17/800/600');
INSERT INTO account (accountID, email, password, permission) VALUES (19, 'isaiah.johnson@example.com', 'armani', 'user');
INSERT INTO address (addressID, country, province, district, street, houseNumber) VALUES (19, 'United Kingdom', 'Avon', 'Derby', 'Queens Road', '8013');
INSERT INTO userinfo (userID, accountID, FName, LName, gender, DOB, phone, email, createdDate, profile, address) VALUES (19, 19, 'Isaiah', 'Johnson', 'male', '1958-01-11', '021 0988 3427', 'isaiah.johnson@example.com', CURDATE(), 'https://randomuser.me/api/portraits/men/19.jpg', 'Queens Road');
INSERT INTO paymentInfo (paymentID, userID, paymentType, cardCode, expireDate, cvv) VALUES (19, 19, 'Visa', '1457 2749 3563', '2029-01-01', '778');
INSERT INTO spot (spotID, name, type, status, phone, addressID, detail, price, discount, photo) VALUES (19, 'Luxury-Hotels Option 19', 'Luxury-Hotels', 'available', '021 0988 3427', 19, 'Premium Luxury-Hotels located in Derby', 655, 0.00, 'https://picsum.photos/seed/18/800/600');
INSERT INTO account (accountID, email, password, permission) VALUES (20, 'hunter.kuhn@example.com', 'truck1', 'user');
INSERT INTO address (addressID, country, province, district, street, houseNumber) VALUES (20, 'United Kingdom', 'Strathclyde', 'York', 'Bridge Road', '8606');
INSERT INTO userinfo (userID, accountID, FName, LName, gender, DOB, phone, email, createdDate, profile, address) VALUES (20, 20, 'Hunter', 'Kuhn', 'male', '1996-01-12', '013873 34459', 'hunter.kuhn@example.com', CURDATE(), 'https://randomuser.me/api/portraits/men/9.jpg', 'Bridge Road');
INSERT INTO paymentInfo (paymentID, userID, paymentType, cardCode, expireDate, cvv) VALUES (20, 20, 'Visa', '3442 9543 2876', '2029-01-01', '373');
INSERT INTO spot (spotID, name, type, status, phone, addressID, detail, price, discount, photo) VALUES (20, 'Vehicle-Rental Option 20', 'Vehicle-Rental', 'available', '013873 34459', 20, 'Premium Vehicle-Rental located in York', 135, 0.00, 'https://picsum.photos/seed/19/800/600');
INSERT INTO account (accountID, email, password, permission) VALUES (21, 'elsie.sanders@example.com', 'medicine', 'user');
INSERT INTO address (addressID, country, province, district, street, houseNumber) VALUES (21, 'United States', 'Delaware', 'Caldwell', 'Stevens Creek Blvd', '5860');
INSERT INTO userinfo (userID, accountID, FName, LName, gender, DOB, phone, email, createdDate, profile, address) VALUES (21, 21, 'Elsie', 'Sanders', 'female', '1991-09-04', '(777) 633-8827', 'elsie.sanders@example.com', CURDATE(), 'https://randomuser.me/api/portraits/women/12.jpg', 'Stevens Creek Blvd');
INSERT INTO paymentInfo (paymentID, userID, paymentType, cardCode, expireDate, cvv) VALUES (21, 21, 'Visa', '4352 8480 2816', '2029-01-01', '689');
INSERT INTO spot (spotID, name, type, status, phone, addressID, detail, price, discount, photo) VALUES (21, 'Travel-Packages Option 21', 'Travel-Packages', 'available', '(777) 633-8827', 21, 'Premium Travel-Packages located in Caldwell', 1398, 0.00, 'https://picsum.photos/seed/20/800/600');
INSERT INTO account (accountID, email, password, permission) VALUES (22, 'russell.reed@example.com', 'a1b2c3', 'user');
INSERT INTO address (addressID, country, province, district, street, houseNumber) VALUES (22, 'United States', 'North Dakota', 'Santa Ana', 'Woodland St', '3585');
INSERT INTO userinfo (userID, accountID, FName, LName, gender, DOB, phone, email, createdDate, profile, address) VALUES (22, 22, 'Russell', 'Reed', 'male', '2000-04-13', '(853) 823-9169', 'russell.reed@example.com', CURDATE(), 'https://randomuser.me/api/portraits/men/39.jpg', 'Woodland St');
INSERT INTO paymentInfo (paymentID, userID, paymentType, cardCode, expireDate, cvv) VALUES (22, 22, 'Visa', '3033 1377 3304', '2029-01-01', '189');
INSERT INTO spot (spotID, name, type, status, phone, addressID, detail, price, discount, photo) VALUES (22, 'Room-Rentals Option 22', 'Room-Rentals', 'unavailable', '(853) 823-9169', 22, 'Premium Room-Rentals located in Santa Ana', 416, 0.00, 'https://picsum.photos/seed/21/800/600');
INSERT INTO account (accountID, email, password, permission) VALUES (23, 'gabriel.gauthier@example.com', 'joke', 'user');
INSERT INTO address (addressID, country, province, district, street, houseNumber) VALUES (23, 'Canada', 'Ontario', 'Fauquier', 'Lakeview Ave', '595');
INSERT INTO userinfo (userID, accountID, FName, LName, gender, DOB, phone, email, createdDate, profile, address) VALUES (23, 23, 'Gabriel', 'Gauthier', 'male', '1954-03-31', 'C91 C53-3202', 'gabriel.gauthier@example.com', CURDATE(), 'https://randomuser.me/api/portraits/men/32.jpg', 'Lakeview Ave');
INSERT INTO paymentInfo (paymentID, userID, paymentType, cardCode, expireDate, cvv) VALUES (23, 23, 'Visa', '7921 4273 3013', '2029-01-01', '146');
INSERT INTO spot (spotID, name, type, status, phone, addressID, detail, price, discount, photo) VALUES (23, 'Luxury-Hotels Option 23', 'Luxury-Hotels', 'unavailable', 'C91 C53-3202', 23, 'Premium Luxury-Hotels located in Fauquier', 1141, 0.00, 'https://picsum.photos/seed/22/800/600');
INSERT INTO account (accountID, email, password, permission) VALUES (24, 'adam.miller@example.com', 'ameteur', 'user');
INSERT INTO address (addressID, country, province, district, street, houseNumber) VALUES (24, 'Canada', 'Prince Edward Island', 'Alma', 'Peel St', '6769');
INSERT INTO userinfo (userID, accountID, FName, LName, gender, DOB, phone, email, createdDate, profile, address) VALUES (24, 24, 'Adam', 'Miller', 'male', '1991-04-22', 'J16 E44-5912', 'adam.miller@example.com', CURDATE(), 'https://randomuser.me/api/portraits/men/67.jpg', 'Peel St');
INSERT INTO paymentInfo (paymentID, userID, paymentType, cardCode, expireDate, cvv) VALUES (24, 24, 'Visa', '7486 6754 5578', '2029-01-01', '724');
INSERT INTO spot (spotID, name, type, status, phone, addressID, detail, price, discount, photo) VALUES (24, 'Luxury-Hotels Option 24', 'Luxury-Hotels', 'available', 'J16 E44-5912', 24, 'Premium Luxury-Hotels located in Alma', 287, 0.00, 'https://picsum.photos/seed/23/800/600');
INSERT INTO account (accountID, email, password, permission) VALUES (25, 'judith.dean@example.com', 'chewbacc', 'user');
INSERT INTO address (addressID, country, province, district, street, houseNumber) VALUES (25, 'United Kingdom', 'Clwyd', 'St Davids', 'The Crescent', '2449');
INSERT INTO userinfo (userID, accountID, FName, LName, gender, DOB, phone, email, createdDate, profile, address) VALUES (25, 25, 'Judith', 'Dean', 'female', '1991-01-09', '015242 95992', 'judith.dean@example.com', CURDATE(), 'https://randomuser.me/api/portraits/women/83.jpg', 'The Crescent');
INSERT INTO paymentInfo (paymentID, userID, paymentType, cardCode, expireDate, cvv) VALUES (25, 25, 'Visa', '8742 5559 2849', '2029-01-01', '147');
INSERT INTO spot (spotID, name, type, status, phone, addressID, detail, price, discount, photo) VALUES (25, 'Travel-Packages Option 25', 'Travel-Packages', 'unavailable', '015242 95992', 25, 'Premium Travel-Packages located in St Davids', 1892, 0.00, 'https://picsum.photos/seed/24/800/600');
INSERT INTO account (accountID, email, password, permission) VALUES (26, 'kenneth.obrien@example.com', 'weed', 'user');
INSERT INTO address (addressID, country, province, district, street, houseNumber) VALUES (26, 'United States', 'Hawaii', 'Huntington Beach', 'W Dallas St', '6359');
INSERT INTO userinfo (userID, accountID, FName, LName, gender, DOB, phone, email, createdDate, profile, address) VALUES (26, 26, 'Kenneth', 'Obrien', 'male', '1952-12-22', '(719) 264-0172', 'kenneth.obrien@example.com', CURDATE(), 'https://randomuser.me/api/portraits/men/38.jpg', 'W Dallas St');
INSERT INTO paymentInfo (paymentID, userID, paymentType, cardCode, expireDate, cvv) VALUES (26, 26, 'Visa', '6562 2666 7584', '2029-01-01', '456');
INSERT INTO spot (spotID, name, type, status, phone, addressID, detail, price, discount, photo) VALUES (26, 'Travel-Packages Option 26', 'Travel-Packages', 'available', '(719) 264-0172', 26, 'Premium Travel-Packages located in Huntington Beach', 1092, 0.00, 'https://picsum.photos/seed/25/800/600');
INSERT INTO account (accountID, email, password, permission) VALUES (27, 'sarah.chan@example.com', 'books', 'user');
INSERT INTO address (addressID, country, province, district, street, houseNumber) VALUES (27, 'Canada', 'Nova Scotia', 'Princeton', 'Alfred St', '4669');
INSERT INTO userinfo (userID, accountID, FName, LName, gender, DOB, phone, email, createdDate, profile, address) VALUES (27, 27, 'Sarah', 'Chan', 'female', '1989-06-09', 'O67 G85-6195', 'sarah.chan@example.com', CURDATE(), 'https://randomuser.me/api/portraits/women/87.jpg', 'Alfred St');
INSERT INTO paymentInfo (paymentID, userID, paymentType, cardCode, expireDate, cvv) VALUES (27, 27, 'Visa', '5183 6726 8731', '2029-01-01', '377');
INSERT INTO spot (spotID, name, type, status, phone, addressID, detail, price, discount, photo) VALUES (27, 'Vehicle-Rental Option 27', 'Vehicle-Rental', 'unavailable', 'O67 G85-6195', 27, 'Premium Vehicle-Rental located in Princeton', 1506, 0.00, 'https://picsum.photos/seed/26/800/600');
INSERT INTO account (accountID, email, password, permission) VALUES (28, 'robert.kennedy@example.com', 'nebraska', 'user');
INSERT INTO address (addressID, country, province, district, street, houseNumber) VALUES (28, 'United Kingdom', 'Suffolk', 'Carlisle', 'Main Street', '4484');
INSERT INTO userinfo (userID, accountID, FName, LName, gender, DOB, phone, email, createdDate, profile, address) VALUES (28, 28, 'Robert', 'Kennedy', 'male', '1985-04-13', '013873 55735', 'robert.kennedy@example.com', CURDATE(), 'https://randomuser.me/api/portraits/men/32.jpg', 'Main Street');
INSERT INTO paymentInfo (paymentID, userID, paymentType, cardCode, expireDate, cvv) VALUES (28, 28, 'Visa', '1044 1207 3269', '2029-01-01', '892');
INSERT INTO spot (spotID, name, type, status, phone, addressID, detail, price, discount, photo) VALUES (28, 'Room-Rentals Option 28', 'Room-Rentals', 'unavailable', '013873 55735', 28, 'Premium Room-Rentals located in Carlisle', 1472, 0.00, 'https://picsum.photos/seed/27/800/600');
INSERT INTO account (accountID, email, password, permission) VALUES (29, 'camille.walker@example.com', 'valdepen', 'user');
INSERT INTO address (addressID, country, province, district, street, houseNumber) VALUES (29, 'Canada', 'Québec', 'Cumberland', 'Balmoral St', '2380');
INSERT INTO userinfo (userID, accountID, FName, LName, gender, DOB, phone, email, createdDate, profile, address) VALUES (29, 29, 'Camille', 'Walker', 'female', '1980-05-18', 'Y45 G34-5126', 'camille.walker@example.com', CURDATE(), 'https://randomuser.me/api/portraits/women/56.jpg', 'Balmoral St');
INSERT INTO paymentInfo (paymentID, userID, paymentType, cardCode, expireDate, cvv) VALUES (29, 29, 'Visa', '2346 9560 8614', '2029-01-01', '535');
INSERT INTO spot (spotID, name, type, status, phone, addressID, detail, price, discount, photo) VALUES (29, 'Room-Rentals Option 29', 'Room-Rentals', 'available', 'Y45 G34-5126', 29, 'Premium Room-Rentals located in Cumberland', 1311, 0.00, 'https://picsum.photos/seed/28/800/600');
INSERT INTO account (accountID, email, password, permission) VALUES (30, 'sean.ferguson@example.com', 'patty', 'user');
INSERT INTO address (addressID, country, province, district, street, houseNumber) VALUES (30, 'United States', 'West Virginia', 'Gainesville', 'Parker Rd', '9778');
INSERT INTO userinfo (userID, accountID, FName, LName, gender, DOB, phone, email, createdDate, profile, address) VALUES (30, 30, 'Sean', 'Ferguson', 'male', '1985-09-04', '(712) 837-8444', 'sean.ferguson@example.com', CURDATE(), 'https://randomuser.me/api/portraits/men/90.jpg', 'Parker Rd');
INSERT INTO paymentInfo (paymentID, userID, paymentType, cardCode, expireDate, cvv) VALUES (30, 30, 'Visa', '2668 8586 4862', '2029-01-01', '628');
INSERT INTO spot (spotID, name, type, status, phone, addressID, detail, price, discount, photo) VALUES (30, 'Vehicle-Rental Option 30', 'Vehicle-Rental', 'unavailable', '(712) 837-8444', 30, 'Premium Vehicle-Rental located in Gainesville', 680, 0.00, 'https://picsum.photos/seed/29/800/600');
INSERT INTO account (accountID, email, password, permission) VALUES (31, 'sonia.miller@example.com', 'divorce', 'user');
INSERT INTO address (addressID, country, province, district, street, houseNumber) VALUES (31, 'United States', 'Minnesota', 'Simi Valley', 'W 6th St', '2113');
INSERT INTO userinfo (userID, accountID, FName, LName, gender, DOB, phone, email, createdDate, profile, address) VALUES (31, 31, 'Sonia', 'Miller', 'female', '1979-11-16', '(380) 387-0830', 'sonia.miller@example.com', CURDATE(), 'https://randomuser.me/api/portraits/women/31.jpg', 'W 6th St');
INSERT INTO paymentInfo (paymentID, userID, paymentType, cardCode, expireDate, cvv) VALUES (31, 31, 'Visa', '5556 7414 3088', '2029-01-01', '348');
INSERT INTO spot (spotID, name, type, status, phone, addressID, detail, price, discount, photo) VALUES (31, 'Vehicle-Rental Option 31', 'Vehicle-Rental', 'available', '(380) 387-0830', 31, 'Premium Vehicle-Rental located in Simi Valley', 1617, 0.00, 'https://picsum.photos/seed/30/800/600');
INSERT INTO account (accountID, email, password, permission) VALUES (32, 'carla.garrett@example.com', 'chou', 'user');
INSERT INTO address (addressID, country, province, district, street, houseNumber) VALUES (32, 'United States', 'Montana', 'Salt Lake City', 'Washington Ave', '5633');
INSERT INTO userinfo (userID, accountID, FName, LName, gender, DOB, phone, email, createdDate, profile, address) VALUES (32, 32, 'Carla', 'Garrett', 'female', '1977-10-08', '(333) 606-1266', 'carla.garrett@example.com', CURDATE(), 'https://randomuser.me/api/portraits/women/58.jpg', 'Washington Ave');
INSERT INTO paymentInfo (paymentID, userID, paymentType, cardCode, expireDate, cvv) VALUES (32, 32, 'Visa', '7956 6231 6904', '2029-01-01', '263');
INSERT INTO spot (spotID, name, type, status, phone, addressID, detail, price, discount, photo) VALUES (32, 'Vehicle-Rental Option 32', 'Vehicle-Rental', 'unavailable', '(333) 606-1266', 32, 'Premium Vehicle-Rental located in Salt Lake City', 1347, 0.00, 'https://picsum.photos/seed/31/800/600');
INSERT INTO account (accountID, email, password, permission) VALUES (33, 'mia.ennis@example.com', 'thelma', 'user');
INSERT INTO address (addressID, country, province, district, street, houseNumber) VALUES (33, 'Canada', 'Northwest Territories', 'Brockton', 'Maple Ave', '9939');
INSERT INTO userinfo (userID, accountID, FName, LName, gender, DOB, phone, email, createdDate, profile, address) VALUES (33, 33, 'Mia', 'Ennis', 'female', '1983-08-15', 'H27 C28-3068', 'mia.ennis@example.com', CURDATE(), 'https://randomuser.me/api/portraits/women/72.jpg', 'Maple Ave');
INSERT INTO paymentInfo (paymentID, userID, paymentType, cardCode, expireDate, cvv) VALUES (33, 33, 'Visa', '7406 2756 6903', '2029-01-01', '884');
INSERT INTO spot (spotID, name, type, status, phone, addressID, detail, price, discount, photo) VALUES (33, 'Luxury-Hotels Option 33', 'Luxury-Hotels', 'unavailable', 'H27 C28-3068', 33, 'Premium Luxury-Hotels located in Brockton', 1113, 0.00, 'https://picsum.photos/seed/32/800/600');
INSERT INTO account (accountID, email, password, permission) VALUES (34, 'laurie.chan@example.com', 'bbbbbb1', 'user');
INSERT INTO address (addressID, country, province, district, street, houseNumber) VALUES (34, 'Canada', 'Nunavut', 'Lumsden', 'Park Rd', '2150');
INSERT INTO userinfo (userID, accountID, FName, LName, gender, DOB, phone, email, createdDate, profile, address) VALUES (34, 34, 'Laurie', 'Chan', 'female', '1968-07-14', 'T03 W60-1031', 'laurie.chan@example.com', CURDATE(), 'https://randomuser.me/api/portraits/women/10.jpg', 'Park Rd');
INSERT INTO paymentInfo (paymentID, userID, paymentType, cardCode, expireDate, cvv) VALUES (34, 34, 'Visa', '3876 9840 5153', '2029-01-01', '983');
INSERT INTO spot (spotID, name, type, status, phone, addressID, detail, price, discount, photo) VALUES (34, 'Vehicle-Rental Option 34', 'Vehicle-Rental', 'available', 'T03 W60-1031', 34, 'Premium Vehicle-Rental located in Lumsden', 218, 0.00, 'https://picsum.photos/seed/33/800/600');
INSERT INTO account (accountID, email, password, permission) VALUES (35, 'paige.jenkins@example.com', 'bridget', 'user');
INSERT INTO address (addressID, country, province, district, street, houseNumber) VALUES (35, 'United Kingdom', 'Derbyshire', 'Oxford', 'Park Avenue', '9485');
INSERT INTO userinfo (userID, accountID, FName, LName, gender, DOB, phone, email, createdDate, profile, address) VALUES (35, 35, 'Paige', 'Jenkins', 'female', '1953-12-26', '021 0957 9173', 'paige.jenkins@example.com', CURDATE(), 'https://randomuser.me/api/portraits/women/93.jpg', 'Park Avenue');
INSERT INTO paymentInfo (paymentID, userID, paymentType, cardCode, expireDate, cvv) VALUES (35, 35, 'Visa', '5804 4362 9122', '2029-01-01', '830');
INSERT INTO spot (spotID, name, type, status, phone, addressID, detail, price, discount, photo) VALUES (35, 'Tour-Guides Option 35', 'Tour-Guides', 'unavailable', '021 0957 9173', 35, 'Premium Tour-Guides located in Oxford', 1677, 0.00, 'https://picsum.photos/seed/34/800/600');
INSERT INTO account (accountID, email, password, permission) VALUES (36, 'walter.lee@example.com', 'stoney', 'user');
INSERT INTO address (addressID, country, province, district, street, houseNumber) VALUES (36, 'United States', 'Oregon', 'Anaheim', 'Valwood Pkwy', '2407');
INSERT INTO userinfo (userID, accountID, FName, LName, gender, DOB, phone, email, createdDate, profile, address) VALUES (36, 36, 'Walter', 'Lee', 'male', '1945-02-14', '(460) 812-2316', 'walter.lee@example.com', CURDATE(), 'https://randomuser.me/api/portraits/men/71.jpg', 'Valwood Pkwy');
INSERT INTO paymentInfo (paymentID, userID, paymentType, cardCode, expireDate, cvv) VALUES (36, 36, 'Visa', '2101 9367 5853', '2029-01-01', '974');
INSERT INTO spot (spotID, name, type, status, phone, addressID, detail, price, discount, photo) VALUES (36, 'Room-Rentals Option 36', 'Room-Rentals', 'available', '(460) 812-2316', 36, 'Premium Room-Rentals located in Anaheim', 1833, 0.00, 'https://picsum.photos/seed/35/800/600');
INSERT INTO account (accountID, email, password, permission) VALUES (37, 'mary.fox@example.com', 'noodles', 'user');
INSERT INTO address (addressID, country, province, district, street, houseNumber) VALUES (37, 'United Kingdom', 'East Sussex', 'Kingston upon Hull', 'Church Road', '6121');
INSERT INTO userinfo (userID, accountID, FName, LName, gender, DOB, phone, email, createdDate, profile, address) VALUES (37, 37, 'Mary', 'Fox', 'female', '1997-06-25', '016974 27593', 'mary.fox@example.com', CURDATE(), 'https://randomuser.me/api/portraits/women/36.jpg', 'Church Road');
INSERT INTO paymentInfo (paymentID, userID, paymentType, cardCode, expireDate, cvv) VALUES (37, 37, 'Visa', '5687 3698 6159', '2029-01-01', '330');
INSERT INTO spot (spotID, name, type, status, phone, addressID, detail, price, discount, photo) VALUES (37, 'Tour-Guides Option 37', 'Tour-Guides', 'unavailable', '016974 27593', 37, 'Premium Tour-Guides located in Kingston upon Hull', 1293, 0.00, 'https://picsum.photos/seed/36/800/600');
INSERT INTO account (accountID, email, password, permission) VALUES (38, 'franklin.ramos@example.com', 'shazam', 'user');
INSERT INTO address (addressID, country, province, district, street, houseNumber) VALUES (38, 'United Kingdom', 'Somerset', 'St Davids', 'Kings Road', '3879');
INSERT INTO userinfo (userID, accountID, FName, LName, gender, DOB, phone, email, createdDate, profile, address) VALUES (38, 38, 'Franklin', 'Ramos', 'male', '1948-08-24', '017684 82780', 'franklin.ramos@example.com', CURDATE(), 'https://randomuser.me/api/portraits/men/61.jpg', 'Kings Road');
INSERT INTO paymentInfo (paymentID, userID, paymentType, cardCode, expireDate, cvv) VALUES (38, 38, 'Visa', '4014 1057 5174', '2029-01-01', '246');
INSERT INTO spot (spotID, name, type, status, phone, addressID, detail, price, discount, photo) VALUES (38, 'Luxury-Hotels Option 38', 'Luxury-Hotels', 'unavailable', '017684 82780', 38, 'Premium Luxury-Hotels located in St Davids', 1174, 0.00, 'https://picsum.photos/seed/37/800/600');
INSERT INTO account (accountID, email, password, permission) VALUES (39, 'jack.kowalski@example.com', 'cayman', 'user');
INSERT INTO address (addressID, country, province, district, street, houseNumber) VALUES (39, 'Canada', 'Northwest Territories', 'Charlottetown', 'Dundas Rd', '1489');
INSERT INTO userinfo (userID, accountID, FName, LName, gender, DOB, phone, email, createdDate, profile, address) VALUES (39, 39, 'Jack', 'Kowalski', 'male', '1955-01-25', 'P35 A93-7721', 'jack.kowalski@example.com', CURDATE(), 'https://randomuser.me/api/portraits/men/29.jpg', 'Dundas Rd');
INSERT INTO paymentInfo (paymentID, userID, paymentType, cardCode, expireDate, cvv) VALUES (39, 39, 'Visa', '3777 3109 5817', '2029-01-01', '616');
INSERT INTO spot (spotID, name, type, status, phone, addressID, detail, price, discount, photo) VALUES (39, 'Room-Rentals Option 39', 'Room-Rentals', 'unavailable', 'P35 A93-7721', 39, 'Premium Room-Rentals located in Charlottetown', 1979, 0.00, 'https://picsum.photos/seed/38/800/600');
INSERT INTO account (accountID, email, password, permission) VALUES (40, 'noemie.margaret@example.com', 'cheese', 'user');
INSERT INTO address (addressID, country, province, district, street, houseNumber) VALUES (40, 'Canada', 'Nunavut', 'Radisson', 'Arctic Way', '4956');
INSERT INTO userinfo (userID, accountID, FName, LName, gender, DOB, phone, email, createdDate, profile, address) VALUES (40, 40, 'Noémie', 'Margaret', 'female', '1973-01-25', 'N15 I20-1423', 'noemie.margaret@example.com', CURDATE(), 'https://randomuser.me/api/portraits/women/94.jpg', 'Arctic Way');
INSERT INTO paymentInfo (paymentID, userID, paymentType, cardCode, expireDate, cvv) VALUES (40, 40, 'Visa', '4380 9222 5179', '2029-01-01', '448');
INSERT INTO spot (spotID, name, type, status, phone, addressID, detail, price, discount, photo) VALUES (40, 'Tour-Guides Option 40', 'Tour-Guides', 'available', 'N15 I20-1423', 40, 'Premium Tour-Guides located in Radisson', 1195, 0.00, 'https://picsum.photos/seed/39/800/600');
INSERT INTO account (accountID, email, password, permission) VALUES (41, 'derrick.porter@example.com', 'reddog', 'user');
INSERT INTO address (addressID, country, province, district, street, houseNumber) VALUES (41, 'United States', 'South Dakota', 'Fort Wayne', 'Avondale Ave', '1888');
INSERT INTO userinfo (userID, accountID, FName, LName, gender, DOB, phone, email, createdDate, profile, address) VALUES (41, 41, 'Derrick', 'Porter', 'male', '2000-01-01', '(604) 314-8529', 'derrick.porter@example.com', CURDATE(), 'https://randomuser.me/api/portraits/men/67.jpg', 'Avondale Ave');
INSERT INTO paymentInfo (paymentID, userID, paymentType, cardCode, expireDate, cvv) VALUES (41, 41, 'Visa', '1925 4559 5765', '2029-01-01', '753');
INSERT INTO spot (spotID, name, type, status, phone, addressID, detail, price, discount, photo) VALUES (41, 'Travel-Packages Option 41', 'Travel-Packages', 'available', '(604) 314-8529', 41, 'Premium Travel-Packages located in Fort Wayne', 143, 0.00, 'https://picsum.photos/seed/40/800/600');
INSERT INTO account (accountID, email, password, permission) VALUES (42, 'harold.wheeler@example.com', 'bighead', 'user');
INSERT INTO address (addressID, country, province, district, street, houseNumber) VALUES (42, 'United States', 'South Carolina', 'Coppell', 'Taylor St', '9021');
INSERT INTO userinfo (userID, accountID, FName, LName, gender, DOB, phone, email, createdDate, profile, address) VALUES (42, 42, 'Harold', 'Wheeler', 'male', '1995-05-05', '(325) 839-3329', 'harold.wheeler@example.com', CURDATE(), 'https://randomuser.me/api/portraits/men/18.jpg', 'Taylor St');
INSERT INTO paymentInfo (paymentID, userID, paymentType, cardCode, expireDate, cvv) VALUES (42, 42, 'Visa', '2835 6114 1955', '2029-01-01', '463');
INSERT INTO spot (spotID, name, type, status, phone, addressID, detail, price, discount, photo) VALUES (42, 'Luxury-Hotels Option 42', 'Luxury-Hotels', 'unavailable', '(325) 839-3329', 42, 'Premium Luxury-Hotels located in Coppell', 186, 0.00, 'https://picsum.photos/seed/41/800/600');
INSERT INTO account (accountID, email, password, permission) VALUES (43, 'daniel.gauthier@example.com', 'studman', 'user');
INSERT INTO address (addressID, country, province, district, street, houseNumber) VALUES (43, 'Canada', 'Alberta', 'Cadillac', 'Elgin St', '6324');
INSERT INTO userinfo (userID, accountID, FName, LName, gender, DOB, phone, email, createdDate, profile, address) VALUES (43, 43, 'Daniel', 'Gauthier', 'male', '1949-11-26', 'P71 K33-9600', 'daniel.gauthier@example.com', CURDATE(), 'https://randomuser.me/api/portraits/men/73.jpg', 'Elgin St');
INSERT INTO paymentInfo (paymentID, userID, paymentType, cardCode, expireDate, cvv) VALUES (43, 43, 'Visa', '1494 4161 1119', '2029-01-01', '141');
INSERT INTO spot (spotID, name, type, status, phone, addressID, detail, price, discount, photo) VALUES (43, 'Tour-Guides Option 43', 'Tour-Guides', 'unavailable', 'P71 K33-9600', 43, 'Premium Tour-Guides located in Cadillac', 1585, 0.00, 'https://picsum.photos/seed/42/800/600');
INSERT INTO account (accountID, email, password, permission) VALUES (44, 'evan.andrews@example.com', 'bobo', 'user');
INSERT INTO address (addressID, country, province, district, street, houseNumber) VALUES (44, 'United Kingdom', 'Worcestershire', 'Newport', 'Queensway', '7376');
INSERT INTO userinfo (userID, accountID, FName, LName, gender, DOB, phone, email, createdDate, profile, address) VALUES (44, 44, 'Evan', 'Andrews', 'male', '1966-03-31', '015242 22716', 'evan.andrews@example.com', CURDATE(), 'https://randomuser.me/api/portraits/men/97.jpg', 'Queensway');
INSERT INTO paymentInfo (paymentID, userID, paymentType, cardCode, expireDate, cvv) VALUES (44, 44, 'Visa', '7429 8393 3968', '2029-01-01', '938');
INSERT INTO spot (spotID, name, type, status, phone, addressID, detail, price, discount, photo) VALUES (44, 'Travel-Packages Option 44', 'Travel-Packages', 'unavailable', '015242 22716', 44, 'Premium Travel-Packages located in Newport', 1964, 0.00, 'https://picsum.photos/seed/43/800/600');
INSERT INTO account (accountID, email, password, permission) VALUES (45, 'leanne.novak@example.com', 'australia', 'user');
INSERT INTO address (addressID, country, province, district, street, houseNumber) VALUES (45, 'Canada', 'Québec', 'Oakville', 'Bay Ave', '3332');
INSERT INTO userinfo (userID, accountID, FName, LName, gender, DOB, phone, email, createdDate, profile, address) VALUES (45, 45, 'Leanne', 'Novak', 'female', '1954-03-11', 'K70 O45-2702', 'leanne.novak@example.com', CURDATE(), 'https://randomuser.me/api/portraits/women/13.jpg', 'Bay Ave');
INSERT INTO paymentInfo (paymentID, userID, paymentType, cardCode, expireDate, cvv) VALUES (45, 45, 'Visa', '9304 6364 6464', '2029-01-01', '752');
INSERT INTO spot (spotID, name, type, status, phone, addressID, detail, price, discount, photo) VALUES (45, 'Travel-Packages Option 45', 'Travel-Packages', 'available', 'K70 O45-2702', 45, 'Premium Travel-Packages located in Oakville', 837, 0.00, 'https://picsum.photos/seed/44/800/600');
INSERT INTO account (accountID, email, password, permission) VALUES (46, 'arnold.ellis@example.com', 'crystal1', 'user');
INSERT INTO address (addressID, country, province, district, street, houseNumber) VALUES (46, 'United Kingdom', 'Warwickshire', 'Cambridge', 'York Road', '2535');
INSERT INTO userinfo (userID, accountID, FName, LName, gender, DOB, phone, email, createdDate, profile, address) VALUES (46, 46, 'Arnold', 'Ellis', 'male', '1945-03-08', '016977 89234', 'arnold.ellis@example.com', CURDATE(), 'https://randomuser.me/api/portraits/men/53.jpg', 'York Road');
INSERT INTO paymentInfo (paymentID, userID, paymentType, cardCode, expireDate, cvv) VALUES (46, 46, 'Visa', '9641 6547 2564', '2029-01-01', '153');
INSERT INTO spot (spotID, name, type, status, phone, addressID, detail, price, discount, photo) VALUES (46, 'Luxury-Hotels Option 46', 'Luxury-Hotels', 'unavailable', '016977 89234', 46, 'Premium Luxury-Hotels located in Cambridge', 289, 0.00, 'https://picsum.photos/seed/45/800/600');
INSERT INTO account (accountID, email, password, permission) VALUES (47, 'joanne.mccoy@example.com', 'brewster', 'user');
INSERT INTO address (addressID, country, province, district, street, houseNumber) VALUES (47, 'United States', 'Pennsylvania', 'Steilacoom', 'Edwards Rd', '8277');
INSERT INTO userinfo (userID, accountID, FName, LName, gender, DOB, phone, email, createdDate, profile, address) VALUES (47, 47, 'Joanne', 'Mccoy', 'female', '1944-11-13', '(868) 239-3816', 'joanne.mccoy@example.com', CURDATE(), 'https://randomuser.me/api/portraits/women/0.jpg', 'Edwards Rd');
INSERT INTO paymentInfo (paymentID, userID, paymentType, cardCode, expireDate, cvv) VALUES (47, 47, 'Visa', '2763 2639 8941', '2029-01-01', '164');
INSERT INTO spot (spotID, name, type, status, phone, addressID, detail, price, discount, photo) VALUES (47, 'Tour-Guides Option 47', 'Tour-Guides', 'unavailable', '(868) 239-3816', 47, 'Premium Tour-Guides located in Steilacoom', 2024, 0.00, 'https://picsum.photos/seed/46/800/600');
INSERT INTO account (accountID, email, password, permission) VALUES (48, 'joshua.martinez@example.com', 'megan', 'user');
INSERT INTO address (addressID, country, province, district, street, houseNumber) VALUES (48, 'United States', 'Kentucky', 'Ontario', 'Paddock Way', '1446');
INSERT INTO userinfo (userID, accountID, FName, LName, gender, DOB, phone, email, createdDate, profile, address) VALUES (48, 48, 'Joshua', 'Martinez', 'male', '1989-04-03', '(254) 702-0950', 'joshua.martinez@example.com', CURDATE(), 'https://randomuser.me/api/portraits/men/69.jpg', 'Paddock Way');
INSERT INTO paymentInfo (paymentID, userID, paymentType, cardCode, expireDate, cvv) VALUES (48, 48, 'Visa', '3715 6229 5483', '2029-01-01', '681');
INSERT INTO spot (spotID, name, type, status, phone, addressID, detail, price, discount, photo) VALUES (48, 'Room-Rentals Option 48', 'Room-Rentals', 'available', '(254) 702-0950', 48, 'Premium Room-Rentals located in Ontario', 1374, 0.00, 'https://picsum.photos/seed/47/800/600');
INSERT INTO account (accountID, email, password, permission) VALUES (49, 'lena.brooks@example.com', 'maurice', 'user');
INSERT INTO address (addressID, country, province, district, street, houseNumber) VALUES (49, 'United States', 'Oregon', 'Seagoville', 'E Pecan St', '9886');
INSERT INTO userinfo (userID, accountID, FName, LName, gender, DOB, phone, email, createdDate, profile, address) VALUES (49, 49, 'Lena', 'Brooks', 'female', '1992-08-16', '(621) 862-4859', 'lena.brooks@example.com', CURDATE(), 'https://randomuser.me/api/portraits/women/78.jpg', 'E Pecan St');
INSERT INTO paymentInfo (paymentID, userID, paymentType, cardCode, expireDate, cvv) VALUES (49, 49, 'Visa', '6050 2489 8002', '2029-01-01', '514');
INSERT INTO spot (spotID, name, type, status, phone, addressID, detail, price, discount, photo) VALUES (49, 'Tour-Guides Option 49', 'Tour-Guides', 'unavailable', '(621) 862-4859', 49, 'Premium Tour-Guides located in Seagoville', 1435, 0.00, 'https://picsum.photos/seed/48/800/600');
INSERT INTO account (accountID, email, password, permission) VALUES (50, 'addison.singh@example.com', 'fantasies', 'user');
INSERT INTO address (addressID, country, province, district, street, houseNumber) VALUES (50, 'Canada', 'Nunavut', 'Inverness', 'Tecumseh Rd', '6728');
INSERT INTO userinfo (userID, accountID, FName, LName, gender, DOB, phone, email, createdDate, profile, address) VALUES (50, 50, 'Addison', 'Singh', 'female', '1951-06-03', 'X48 L00-4939', 'addison.singh@example.com', CURDATE(), 'https://randomuser.me/api/portraits/women/69.jpg', 'Tecumseh Rd');
INSERT INTO paymentInfo (paymentID, userID, paymentType, cardCode, expireDate, cvv) VALUES (50, 50, 'Visa', '9804 1346 5085', '2029-01-01', '257');
INSERT INTO spot (spotID, name, type, status, phone, addressID, detail, price, discount, photo) VALUES (50, 'Travel-Packages Option 50', 'Travel-Packages', 'unavailable', 'X48 L00-4939', 50, 'Premium Travel-Packages located in Inverness', 1433, 0.00, 'https://picsum.photos/seed/49/800/600');
INSERT INTO account (accountID, email, password, permission) VALUES (51, 'judy.herrera@example.com', 'nadine', 'user');
INSERT INTO address (addressID, country, province, district, street, houseNumber) VALUES (51, 'United States', 'Tennessee', 'Alexandria', 'Hamilton Ave', '2470');
INSERT INTO userinfo (userID, accountID, FName, LName, gender, DOB, phone, email, createdDate, profile, address) VALUES (51, 51, 'Judy', 'Herrera', 'female', '1947-11-08', '(649) 550-1759', 'judy.herrera@example.com', CURDATE(), 'https://randomuser.me/api/portraits/women/69.jpg', 'Hamilton Ave');
INSERT INTO paymentInfo (paymentID, userID, paymentType, cardCode, expireDate, cvv) VALUES (51, 51, 'Visa', '7889 4394 8344', '2029-01-01', '240');
INSERT INTO spot (spotID, name, type, status, phone, addressID, detail, price, discount, photo) VALUES (51, 'Travel-Packages Option 51', 'Travel-Packages', 'unavailable', '(649) 550-1759', 51, 'Premium Travel-Packages located in Alexandria', 1916, 0.00, 'https://picsum.photos/seed/50/800/600');
INSERT INTO account (accountID, email, password, permission) VALUES (52, 'hannah.young@example.com', 'postal', 'user');
INSERT INTO address (addressID, country, province, district, street, houseNumber) VALUES (52, 'Canada', 'Newfoundland and Labrador', 'Armstrong', 'Oak St', '3336');
INSERT INTO userinfo (userID, accountID, FName, LName, gender, DOB, phone, email, createdDate, profile, address) VALUES (52, 52, 'Hannah', 'Young', 'female', '1990-01-25', 'F13 Y01-5047', 'hannah.young@example.com', CURDATE(), 'https://randomuser.me/api/portraits/women/38.jpg', 'Oak St');
INSERT INTO paymentInfo (paymentID, userID, paymentType, cardCode, expireDate, cvv) VALUES (52, 52, 'Visa', '6701 5204 1006', '2029-01-01', '327');
INSERT INTO spot (spotID, name, type, status, phone, addressID, detail, price, discount, photo) VALUES (52, 'Tour-Guides Option 52', 'Tour-Guides', 'unavailable', 'F13 Y01-5047', 52, 'Premium Tour-Guides located in Armstrong', 620, 0.00, 'https://picsum.photos/seed/51/800/600');
INSERT INTO account (accountID, email, password, permission) VALUES (53, 'mia.newman@example.com', 'bull', 'user');
INSERT INTO address (addressID, country, province, district, street, houseNumber) VALUES (53, 'United Kingdom', 'South Yorkshire', 'Sunderland', 'New Street', '6734');
INSERT INTO userinfo (userID, accountID, FName, LName, gender, DOB, phone, email, createdDate, profile, address) VALUES (53, 53, 'Mia', 'Newman', 'female', '1961-04-12', '0171 177 0153', 'mia.newman@example.com', CURDATE(), 'https://randomuser.me/api/portraits/women/45.jpg', 'New Street');
INSERT INTO paymentInfo (paymentID, userID, paymentType, cardCode, expireDate, cvv) VALUES (53, 53, 'Visa', '5851 5719 4545', '2029-01-01', '679');
INSERT INTO spot (spotID, name, type, status, phone, addressID, detail, price, discount, photo) VALUES (53, 'Luxury-Hotels Option 53', 'Luxury-Hotels', 'available', '0171 177 0153', 53, 'Premium Luxury-Hotels located in Sunderland', 1358, 0.00, 'https://picsum.photos/seed/52/800/600');
INSERT INTO account (accountID, email, password, permission) VALUES (54, 'jeffery.gordon@example.com', 'rugby1', 'user');
INSERT INTO address (addressID, country, province, district, street, houseNumber) VALUES (54, 'United Kingdom', 'Derbyshire', 'Salisbury', 'The Crescent', '7975');
INSERT INTO userinfo (userID, accountID, FName, LName, gender, DOB, phone, email, createdDate, profile, address) VALUES (54, 54, 'Jeffery', 'Gordon', 'male', '1957-05-11', '016973 39922', 'jeffery.gordon@example.com', CURDATE(), 'https://randomuser.me/api/portraits/men/48.jpg', 'The Crescent');
INSERT INTO paymentInfo (paymentID, userID, paymentType, cardCode, expireDate, cvv) VALUES (54, 54, 'Visa', '2196 8077 6182', '2029-01-01', '399');
INSERT INTO spot (spotID, name, type, status, phone, addressID, detail, price, discount, photo) VALUES (54, 'Room-Rentals Option 54', 'Room-Rentals', 'available', '016973 39922', 54, 'Premium Room-Rentals located in Salisbury', 1118, 0.00, 'https://picsum.photos/seed/53/800/600');
INSERT INTO account (accountID, email, password, permission) VALUES (55, 'amelia.grewal@example.com', 'colorado', 'user');
INSERT INTO address (addressID, country, province, district, street, houseNumber) VALUES (55, 'Canada', 'Nova Scotia', 'Inwood', 'George St', '5478');
INSERT INTO userinfo (userID, accountID, FName, LName, gender, DOB, phone, email, createdDate, profile, address) VALUES (55, 55, 'Amelia', 'Grewal', 'female', '1954-05-12', 'V26 Z63-6105', 'amelia.grewal@example.com', CURDATE(), 'https://randomuser.me/api/portraits/women/63.jpg', 'George St');
INSERT INTO paymentInfo (paymentID, userID, paymentType, cardCode, expireDate, cvv) VALUES (55, 55, 'Visa', '3153 2358 6733', '2029-01-01', '409');
INSERT INTO spot (spotID, name, type, status, phone, addressID, detail, price, discount, photo) VALUES (55, 'Vehicle-Rental Option 55', 'Vehicle-Rental', 'available', 'V26 Z63-6105', 55, 'Premium Vehicle-Rental located in Inwood', 1130, 0.00, 'https://picsum.photos/seed/54/800/600');
INSERT INTO account (accountID, email, password, permission) VALUES (56, 'jesus.hunter@example.com', 'striker', 'user');
INSERT INTO address (addressID, country, province, district, street, houseNumber) VALUES (56, 'United Kingdom', 'Essex', 'Newport', 'School Lane', '6834');
INSERT INTO userinfo (userID, accountID, FName, LName, gender, DOB, phone, email, createdDate, profile, address) VALUES (56, 56, 'Jesus', 'Hunter', 'male', '1986-09-04', '029 7014 2912', 'jesus.hunter@example.com', CURDATE(), 'https://randomuser.me/api/portraits/men/40.jpg', 'School Lane');
INSERT INTO paymentInfo (paymentID, userID, paymentType, cardCode, expireDate, cvv) VALUES (56, 56, 'Visa', '6174 3330 5574', '2029-01-01', '527');
INSERT INTO spot (spotID, name, type, status, phone, addressID, detail, price, discount, photo) VALUES (56, 'Vehicle-Rental Option 56', 'Vehicle-Rental', 'unavailable', '029 7014 2912', 56, 'Premium Vehicle-Rental located in Newport', 657, 0.00, 'https://picsum.photos/seed/55/800/600');
INSERT INTO account (accountID, email, password, permission) VALUES (57, 'anna.cox@example.com', 'umpire', 'user');
INSERT INTO address (addressID, country, province, district, street, houseNumber) VALUES (57, 'United Kingdom', 'Gwent', 'York', 'Springfield Road', '243');
INSERT INTO userinfo (userID, accountID, FName, LName, gender, DOB, phone, email, createdDate, profile, address) VALUES (57, 57, 'Anna', 'Cox', 'female', '1973-02-04', '016973 87015', 'anna.cox@example.com', CURDATE(), 'https://randomuser.me/api/portraits/women/24.jpg', 'Springfield Road');
INSERT INTO paymentInfo (paymentID, userID, paymentType, cardCode, expireDate, cvv) VALUES (57, 57, 'Visa', '6130 9252 9596', '2029-01-01', '895');
INSERT INTO spot (spotID, name, type, status, phone, addressID, detail, price, discount, photo) VALUES (57, 'Travel-Packages Option 57', 'Travel-Packages', 'available', '016973 87015', 57, 'Premium Travel-Packages located in York', 1157, 0.00, 'https://picsum.photos/seed/56/800/600');
INSERT INTO account (accountID, email, password, permission) VALUES (58, 'kate.jenkins@example.com', 'doris', 'user');
INSERT INTO address (addressID, country, province, district, street, houseNumber) VALUES (58, 'United Kingdom', 'Norfolk', 'Newcastle upon Tyne', 'Albert Road', '6264');
INSERT INTO userinfo (userID, accountID, FName, LName, gender, DOB, phone, email, createdDate, profile, address) VALUES (58, 58, 'Kate', 'Jenkins', 'female', '1996-01-31', '017683 43591', 'kate.jenkins@example.com', CURDATE(), 'https://randomuser.me/api/portraits/women/27.jpg', 'Albert Road');
INSERT INTO paymentInfo (paymentID, userID, paymentType, cardCode, expireDate, cvv) VALUES (58, 58, 'Visa', '9474 2852 7253', '2029-01-01', '683');
INSERT INTO spot (spotID, name, type, status, phone, addressID, detail, price, discount, photo) VALUES (58, 'Tour-Guides Option 58', 'Tour-Guides', 'available', '017683 43591', 58, 'Premium Tour-Guides located in Newcastle upon Tyne', 307, 0.00, 'https://picsum.photos/seed/57/800/600');
INSERT INTO account (accountID, email, password, permission) VALUES (59, 'marianne.walker@example.com', 'hottest', 'user');
INSERT INTO address (addressID, country, province, district, street, houseNumber) VALUES (59, 'Canada', 'Saskatchewan', 'Belmont', 'Park Rd', '192');
INSERT INTO userinfo (userID, accountID, FName, LName, gender, DOB, phone, email, createdDate, profile, address) VALUES (59, 59, 'Marianne', 'Walker', 'female', '1991-09-22', 'B94 Z23-1638', 'marianne.walker@example.com', CURDATE(), 'https://randomuser.me/api/portraits/women/89.jpg', 'Park Rd');
INSERT INTO paymentInfo (paymentID, userID, paymentType, cardCode, expireDate, cvv) VALUES (59, 59, 'Visa', '1641 5325 3807', '2029-01-01', '869');
INSERT INTO spot (spotID, name, type, status, phone, addressID, detail, price, discount, photo) VALUES (59, 'Tour-Guides Option 59', 'Tour-Guides', 'unavailable', 'B94 Z23-1638', 59, 'Premium Tour-Guides located in Belmont', 597, 0.00, 'https://picsum.photos/seed/58/800/600');
INSERT INTO account (accountID, email, password, permission) VALUES (60, 'emile.claire@example.com', 'sapper', 'user');
INSERT INTO address (addressID, country, province, district, street, houseNumber) VALUES (60, 'Canada', 'Saskatchewan', 'Southampton', 'Coastal Highway', '305');
INSERT INTO userinfo (userID, accountID, FName, LName, gender, DOB, phone, email, createdDate, profile, address) VALUES (60, 60, 'Emile', 'Claire', 'male', '1961-02-03', 'Y18 C73-3386', 'emile.claire@example.com', CURDATE(), 'https://randomuser.me/api/portraits/men/94.jpg', 'Coastal Highway');
INSERT INTO paymentInfo (paymentID, userID, paymentType, cardCode, expireDate, cvv) VALUES (60, 60, 'Visa', '5146 5686 3725', '2029-01-01', '592');
INSERT INTO spot (spotID, name, type, status, phone, addressID, detail, price, discount, photo) VALUES (60, 'Luxury-Hotels Option 60', 'Luxury-Hotels', 'unavailable', 'Y18 C73-3386', 60, 'Premium Luxury-Hotels located in Southampton', 1728, 0.00, 'https://picsum.photos/seed/59/800/600');
INSERT INTO account (accountID, email, password, permission) VALUES (61, 'dylan.martin@example.com', 'scotch', 'user');
INSERT INTO address (addressID, country, province, district, street, houseNumber) VALUES (61, 'Canada', 'Northwest Territories', 'Deer Lake', 'St. Lawrence Ave', '4119');
INSERT INTO userinfo (userID, accountID, FName, LName, gender, DOB, phone, email, createdDate, profile, address) VALUES (61, 61, 'Dylan', 'Martin', 'male', '1963-10-01', 'B47 L71-0178', 'dylan.martin@example.com', CURDATE(), 'https://randomuser.me/api/portraits/men/48.jpg', 'St. Lawrence Ave');
INSERT INTO paymentInfo (paymentID, userID, paymentType, cardCode, expireDate, cvv) VALUES (61, 61, 'Visa', '7672 8758 2717', '2029-01-01', '898');
INSERT INTO spot (spotID, name, type, status, phone, addressID, detail, price, discount, photo) VALUES (61, 'Travel-Packages Option 61', 'Travel-Packages', 'available', 'B47 L71-0178', 61, 'Premium Travel-Packages located in Deer Lake', 210, 0.00, 'https://picsum.photos/seed/60/800/600');
INSERT INTO account (accountID, email, password, permission) VALUES (62, 'austin.newman@example.com', 'pickup', 'user');
INSERT INTO address (addressID, country, province, district, street, houseNumber) VALUES (62, 'United States', 'Missouri', 'Fullerton', 'Fincher Rd', '4901');
INSERT INTO userinfo (userID, accountID, FName, LName, gender, DOB, phone, email, createdDate, profile, address) VALUES (62, 62, 'Austin', 'Newman', 'male', '1989-04-15', '(659) 331-5991', 'austin.newman@example.com', CURDATE(), 'https://randomuser.me/api/portraits/men/74.jpg', 'Fincher Rd');
INSERT INTO paymentInfo (paymentID, userID, paymentType, cardCode, expireDate, cvv) VALUES (62, 62, 'Visa', '3565 3309 5268', '2029-01-01', '580');
INSERT INTO spot (spotID, name, type, status, phone, addressID, detail, price, discount, photo) VALUES (62, 'Room-Rentals Option 62', 'Room-Rentals', 'available', '(659) 331-5991', 62, 'Premium Room-Rentals located in Fullerton', 273, 0.00, 'https://picsum.photos/seed/61/800/600');
INSERT INTO account (accountID, email, password, permission) VALUES (63, 'antoine.gauthier@example.com', 'buffalo1', 'user');
INSERT INTO address (addressID, country, province, district, street, houseNumber) VALUES (63, 'Canada', 'Newfoundland and Labrador', 'Oakville', 'Wellington St', '2237');
INSERT INTO userinfo (userID, accountID, FName, LName, gender, DOB, phone, email, createdDate, profile, address) VALUES (63, 63, 'Antoine', 'Gauthier', 'male', '1953-02-20', 'W83 M24-7688', 'antoine.gauthier@example.com', CURDATE(), 'https://randomuser.me/api/portraits/men/35.jpg', 'Wellington St');
INSERT INTO paymentInfo (paymentID, userID, paymentType, cardCode, expireDate, cvv) VALUES (63, 63, 'Visa', '2964 5550 5003', '2029-01-01', '780');
INSERT INTO spot (spotID, name, type, status, phone, addressID, detail, price, discount, photo) VALUES (63, 'Room-Rentals Option 63', 'Room-Rentals', 'available', 'W83 M24-7688', 63, 'Premium Room-Rentals located in Oakville', 404, 0.00, 'https://picsum.photos/seed/62/800/600');
INSERT INTO account (accountID, email, password, permission) VALUES (64, 'jeremiah.cole@example.com', 'marathon', 'user');
INSERT INTO address (addressID, country, province, district, street, houseNumber) VALUES (64, 'United Kingdom', 'Northumberland', 'Bristol', 'St. John’S Road', '9825');
INSERT INTO userinfo (userID, accountID, FName, LName, gender, DOB, phone, email, createdDate, profile, address) VALUES (64, 64, 'Jeremiah', 'Cole', 'male', '1961-07-17', '016974 30782', 'jeremiah.cole@example.com', CURDATE(), 'https://randomuser.me/api/portraits/men/29.jpg', 'St. John’S Road');
INSERT INTO paymentInfo (paymentID, userID, paymentType, cardCode, expireDate, cvv) VALUES (64, 64, 'Visa', '1488 7506 2852', '2029-01-01', '674');
INSERT INTO spot (spotID, name, type, status, phone, addressID, detail, price, discount, photo) VALUES (64, 'Vehicle-Rental Option 64', 'Vehicle-Rental', 'available', '016974 30782', 64, 'Premium Vehicle-Rental located in Bristol', 669, 0.00, 'https://picsum.photos/seed/63/800/600');
INSERT INTO account (accountID, email, password, permission) VALUES (65, 'clara.belanger@example.com', 'richmond', 'user');
INSERT INTO address (addressID, country, province, district, street, houseNumber) VALUES (65, 'Canada', 'New Brunswick', 'Tecumseh', 'Frederick Ave', '3991');
INSERT INTO userinfo (userID, accountID, FName, LName, gender, DOB, phone, email, createdDate, profile, address) VALUES (65, 65, 'Clara', 'Bélanger', 'female', '1948-11-05', 'J78 T00-5429', 'clara.belanger@example.com', CURDATE(), 'https://randomuser.me/api/portraits/women/62.jpg', 'Frederick Ave');
INSERT INTO paymentInfo (paymentID, userID, paymentType, cardCode, expireDate, cvv) VALUES (65, 65, 'Visa', '2198 5433 6442', '2029-01-01', '804');
INSERT INTO spot (spotID, name, type, status, phone, addressID, detail, price, discount, photo) VALUES (65, 'Tour-Guides Option 65', 'Tour-Guides', 'unavailable', 'J78 T00-5429', 65, 'Premium Tour-Guides located in Tecumseh', 444, 0.00, 'https://picsum.photos/seed/64/800/600');
INSERT INTO account (accountID, email, password, permission) VALUES (66, 'timothy.jimenez@example.com', '31415926', 'user');
INSERT INTO address (addressID, country, province, district, street, houseNumber) VALUES (66, 'United Kingdom', 'West Midlands', 'York', 'King Street', '7088');
INSERT INTO userinfo (userID, accountID, FName, LName, gender, DOB, phone, email, createdDate, profile, address) VALUES (66, 66, 'Timothy', 'Jimenez', 'male', '1948-01-12', '016977 7050', 'timothy.jimenez@example.com', CURDATE(), 'https://randomuser.me/api/portraits/men/37.jpg', 'King Street');
INSERT INTO paymentInfo (paymentID, userID, paymentType, cardCode, expireDate, cvv) VALUES (66, 66, 'Visa', '9496 6355 9773', '2029-01-01', '309');
INSERT INTO spot (spotID, name, type, status, phone, addressID, detail, price, discount, photo) VALUES (66, 'Vehicle-Rental Option 66', 'Vehicle-Rental', 'unavailable', '016977 7050', 66, 'Premium Vehicle-Rental located in York', 2046, 0.00, 'https://picsum.photos/seed/65/800/600');
INSERT INTO account (accountID, email, password, permission) VALUES (67, 'alice.henderson@example.com', 'eagle', 'user');
INSERT INTO address (addressID, country, province, district, street, houseNumber) VALUES (67, 'United States', 'Idaho', 'Woodbridge', 'Hamilton Ave', '6120');
INSERT INTO userinfo (userID, accountID, FName, LName, gender, DOB, phone, email, createdDate, profile, address) VALUES (67, 67, 'Alice', 'Henderson', 'female', '1954-04-21', '(381) 606-0794', 'alice.henderson@example.com', CURDATE(), 'https://randomuser.me/api/portraits/women/58.jpg', 'Hamilton Ave');
INSERT INTO paymentInfo (paymentID, userID, paymentType, cardCode, expireDate, cvv) VALUES (67, 67, 'Visa', '2567 7446 6693', '2029-01-01', '892');
INSERT INTO spot (spotID, name, type, status, phone, addressID, detail, price, discount, photo) VALUES (67, 'Room-Rentals Option 67', 'Room-Rentals', 'unavailable', '(381) 606-0794', 67, 'Premium Room-Rentals located in Woodbridge', 185, 0.00, 'https://picsum.photos/seed/66/800/600');
INSERT INTO account (accountID, email, password, permission) VALUES (68, 'samantha.sutton@example.com', 'kerouac', 'user');
INSERT INTO address (addressID, country, province, district, street, houseNumber) VALUES (68, 'United Kingdom', 'West Glamorgan', 'Wakefield', 'Station Road', '8238');
INSERT INTO userinfo (userID, accountID, FName, LName, gender, DOB, phone, email, createdDate, profile, address) VALUES (68, 68, 'Samantha', 'Sutton', 'female', '1971-09-12', '016977 97943', 'samantha.sutton@example.com', CURDATE(), 'https://randomuser.me/api/portraits/women/66.jpg', 'Station Road');
INSERT INTO paymentInfo (paymentID, userID, paymentType, cardCode, expireDate, cvv) VALUES (68, 68, 'Visa', '7952 5009 4651', '2029-01-01', '674');
INSERT INTO spot (spotID, name, type, status, phone, addressID, detail, price, discount, photo) VALUES (68, 'Tour-Guides Option 68', 'Tour-Guides', 'unavailable', '016977 97943', 68, 'Premium Tour-Guides located in Wakefield', 1362, 0.00, 'https://picsum.photos/seed/67/800/600');
INSERT INTO account (accountID, email, password, permission) VALUES (69, 'samuel.black@example.com', 'nomad', 'user');
INSERT INTO address (addressID, country, province, district, street, houseNumber) VALUES (69, 'United States', 'Texas', 'Elizabeth', 'Cackson St', '4636');
INSERT INTO userinfo (userID, accountID, FName, LName, gender, DOB, phone, email, createdDate, profile, address) VALUES (69, 69, 'Samuel', 'Black', 'male', '1949-09-16', '(938) 961-0088', 'samuel.black@example.com', CURDATE(), 'https://randomuser.me/api/portraits/men/6.jpg', 'Cackson St');
INSERT INTO paymentInfo (paymentID, userID, paymentType, cardCode, expireDate, cvv) VALUES (69, 69, 'Visa', '2842 4251 4693', '2029-01-01', '603');
INSERT INTO spot (spotID, name, type, status, phone, addressID, detail, price, discount, photo) VALUES (69, 'Luxury-Hotels Option 69', 'Luxury-Hotels', 'available', '(938) 961-0088', 69, 'Premium Luxury-Hotels located in Elizabeth', 864, 0.00, 'https://picsum.photos/seed/68/800/600');
INSERT INTO account (accountID, email, password, permission) VALUES (70, 'olivier.addy@example.com', 'sinned', 'user');
INSERT INTO address (addressID, country, province, district, street, houseNumber) VALUES (70, 'Canada', 'Nova Scotia', 'Inverness', 'Vimy St', '9390');
INSERT INTO userinfo (userID, accountID, FName, LName, gender, DOB, phone, email, createdDate, profile, address) VALUES (70, 70, 'Olivier', 'Addy', 'male', '1991-05-23', 'G89 K93-5626', 'olivier.addy@example.com', CURDATE(), 'https://randomuser.me/api/portraits/men/68.jpg', 'Vimy St');
INSERT INTO paymentInfo (paymentID, userID, paymentType, cardCode, expireDate, cvv) VALUES (70, 70, 'Visa', '2523 5127 6508', '2029-01-01', '697');
INSERT INTO spot (spotID, name, type, status, phone, addressID, detail, price, discount, photo) VALUES (70, 'Luxury-Hotels Option 70', 'Luxury-Hotels', 'unavailable', 'G89 K93-5626', 70, 'Premium Luxury-Hotels located in Inverness', 108, 0.00, 'https://picsum.photos/seed/69/800/600');
INSERT INTO account (accountID, email, password, permission) VALUES (71, 'jon.taylor@example.com', '343434', 'user');
INSERT INTO address (addressID, country, province, district, street, houseNumber) VALUES (71, 'United States', 'South Dakota', 'Bridgeport', 'Oak Lawn Ave', '9922');
INSERT INTO userinfo (userID, accountID, FName, LName, gender, DOB, phone, email, createdDate, profile, address) VALUES (71, 71, 'Jon', 'Taylor', 'male', '1963-04-01', '(663) 944-1474', 'jon.taylor@example.com', CURDATE(), 'https://randomuser.me/api/portraits/men/19.jpg', 'Oak Lawn Ave');
INSERT INTO paymentInfo (paymentID, userID, paymentType, cardCode, expireDate, cvv) VALUES (71, 71, 'Visa', '1392 4963 9423', '2029-01-01', '507');
INSERT INTO spot (spotID, name, type, status, phone, addressID, detail, price, discount, photo) VALUES (71, 'Luxury-Hotels Option 71', 'Luxury-Hotels', 'available', '(663) 944-1474', 71, 'Premium Luxury-Hotels located in Bridgeport', 834, 0.00, 'https://picsum.photos/seed/70/800/600');
INSERT INTO account (accountID, email, password, permission) VALUES (72, 'lucy.hayes@example.com', 'stacey', 'user');
INSERT INTO address (addressID, country, province, district, street, houseNumber) VALUES (72, 'United States', 'West Virginia', 'Oxnard', 'Valley View Ln', '3395');
INSERT INTO userinfo (userID, accountID, FName, LName, gender, DOB, phone, email, createdDate, profile, address) VALUES (72, 72, 'Lucy', 'Hayes', 'female', '1980-12-26', '(472) 909-6977', 'lucy.hayes@example.com', CURDATE(), 'https://randomuser.me/api/portraits/women/29.jpg', 'Valley View Ln');
INSERT INTO paymentInfo (paymentID, userID, paymentType, cardCode, expireDate, cvv) VALUES (72, 72, 'Visa', '6763 7388 2840', '2029-01-01', '583');
INSERT INTO spot (spotID, name, type, status, phone, addressID, detail, price, discount, photo) VALUES (72, 'Tour-Guides Option 72', 'Tour-Guides', 'available', '(472) 909-6977', 72, 'Premium Tour-Guides located in Oxnard', 2036, 0.00, 'https://picsum.photos/seed/71/800/600');
INSERT INTO account (accountID, email, password, permission) VALUES (73, 'louise.taylor@example.com', 'taxman', 'user');
INSERT INTO address (addressID, country, province, district, street, houseNumber) VALUES (73, 'United States', 'North Carolina', 'Princeton', 'Washington Ave', '7712');
INSERT INTO userinfo (userID, accountID, FName, LName, gender, DOB, phone, email, createdDate, profile, address) VALUES (73, 73, 'Louise', 'Taylor', 'female', '1964-09-29', '(788) 763-9076', 'louise.taylor@example.com', CURDATE(), 'https://randomuser.me/api/portraits/women/93.jpg', 'Washington Ave');
INSERT INTO paymentInfo (paymentID, userID, paymentType, cardCode, expireDate, cvv) VALUES (73, 73, 'Visa', '6781 5289 1871', '2029-01-01', '823');
INSERT INTO spot (spotID, name, type, status, phone, addressID, detail, price, discount, photo) VALUES (73, 'Travel-Packages Option 73', 'Travel-Packages', 'unavailable', '(788) 763-9076', 73, 'Premium Travel-Packages located in Princeton', 227, 0.00, 'https://picsum.photos/seed/72/800/600');
INSERT INTO account (accountID, email, password, permission) VALUES (74, 'harper.miller@example.com', 'portugal', 'user');
INSERT INTO address (addressID, country, province, district, street, houseNumber) VALUES (74, 'Canada', 'Prince Edward Island', 'Fountainbleu', 'Balmoral St', '1258');
INSERT INTO userinfo (userID, accountID, FName, LName, gender, DOB, phone, email, createdDate, profile, address) VALUES (74, 74, 'Harper', 'Miller', 'female', '1974-06-17', 'R11 M00-2653', 'harper.miller@example.com', CURDATE(), 'https://randomuser.me/api/portraits/women/16.jpg', 'Balmoral St');
INSERT INTO paymentInfo (paymentID, userID, paymentType, cardCode, expireDate, cvv) VALUES (74, 74, 'Visa', '2536 5256 6320', '2029-01-01', '678');
INSERT INTO spot (spotID, name, type, status, phone, addressID, detail, price, discount, photo) VALUES (74, 'Travel-Packages Option 74', 'Travel-Packages', 'available', 'R11 M00-2653', 74, 'Premium Travel-Packages located in Fountainbleu', 1265, 0.00, 'https://picsum.photos/seed/73/800/600');
INSERT INTO account (accountID, email, password, permission) VALUES (75, 'emilie.taylor@example.com', 'lillian', 'user');
INSERT INTO address (addressID, country, province, district, street, houseNumber) VALUES (75, 'Canada', 'Nova Scotia', 'Odessa', 'George St', '8635');
INSERT INTO userinfo (userID, accountID, FName, LName, gender, DOB, phone, email, createdDate, profile, address) VALUES (75, 75, 'Emilie', 'Taylor', 'female', '1999-04-19', 'U61 G23-2609', 'emilie.taylor@example.com', CURDATE(), 'https://randomuser.me/api/portraits/women/7.jpg', 'George St');
INSERT INTO paymentInfo (paymentID, userID, paymentType, cardCode, expireDate, cvv) VALUES (75, 75, 'Visa', '3333 9691 2070', '2029-01-01', '531');
INSERT INTO spot (spotID, name, type, status, phone, addressID, detail, price, discount, photo) VALUES (75, 'Vehicle-Rental Option 75', 'Vehicle-Rental', 'available', 'U61 G23-2609', 75, 'Premium Vehicle-Rental located in Odessa', 1533, 0.00, 'https://picsum.photos/seed/74/800/600');
INSERT INTO account (accountID, email, password, permission) VALUES (76, 'luke.gutierrez@example.com', 'crunch', 'user');
INSERT INTO address (addressID, country, province, district, street, houseNumber) VALUES (76, 'United Kingdom', 'Cleveland', 'Truro', 'Victoria Street', '3537');
INSERT INTO userinfo (userID, accountID, FName, LName, gender, DOB, phone, email, createdDate, profile, address) VALUES (76, 76, 'Luke', 'Gutierrez', 'male', '1994-07-05', '015394 67489', 'luke.gutierrez@example.com', CURDATE(), 'https://randomuser.me/api/portraits/men/22.jpg', 'Victoria Street');
INSERT INTO paymentInfo (paymentID, userID, paymentType, cardCode, expireDate, cvv) VALUES (76, 76, 'Visa', '8452 2171 6373', '2029-01-01', '349');
INSERT INTO spot (spotID, name, type, status, phone, addressID, detail, price, discount, photo) VALUES (76, 'Vehicle-Rental Option 76', 'Vehicle-Rental', 'unavailable', '015394 67489', 76, 'Premium Vehicle-Rental located in Truro', 970, 0.00, 'https://picsum.photos/seed/75/800/600');
INSERT INTO account (accountID, email, password, permission) VALUES (77, 'liam.ambrose@example.com', 'veronica', 'user');
INSERT INTO address (addressID, country, province, district, street, houseNumber) VALUES (77, 'Canada', 'Newfoundland and Labrador', 'Grand Falls', 'Cedar St', '13');
INSERT INTO userinfo (userID, accountID, FName, LName, gender, DOB, phone, email, createdDate, profile, address) VALUES (77, 77, 'Liam', 'Ambrose', 'male', '1958-03-17', 'W81 O94-1718', 'liam.ambrose@example.com', CURDATE(), 'https://randomuser.me/api/portraits/men/54.jpg', 'Cedar St');
INSERT INTO paymentInfo (paymentID, userID, paymentType, cardCode, expireDate, cvv) VALUES (77, 77, 'Visa', '4749 2471 4772', '2029-01-01', '252');
INSERT INTO spot (spotID, name, type, status, phone, addressID, detail, price, discount, photo) VALUES (77, 'Luxury-Hotels Option 77', 'Luxury-Hotels', 'available', 'W81 O94-1718', 77, 'Premium Luxury-Hotels located in Grand Falls', 955, 0.00, 'https://picsum.photos/seed/76/800/600');
INSERT INTO account (accountID, email, password, permission) VALUES (78, 'xavier.liu@example.com', 'goldeney', 'user');
INSERT INTO address (addressID, country, province, district, street, houseNumber) VALUES (78, 'Canada', 'Manitoba', 'Grand Falls', 'George St', '9050');
INSERT INTO userinfo (userID, accountID, FName, LName, gender, DOB, phone, email, createdDate, profile, address) VALUES (78, 78, 'Xavier', 'Liu', 'male', '1953-10-18', 'U43 R59-7241', 'xavier.liu@example.com', CURDATE(), 'https://randomuser.me/api/portraits/men/89.jpg', 'George St');
INSERT INTO paymentInfo (paymentID, userID, paymentType, cardCode, expireDate, cvv) VALUES (78, 78, 'Visa', '4279 8897 9301', '2029-01-01', '672');
INSERT INTO spot (spotID, name, type, status, phone, addressID, detail, price, discount, photo) VALUES (78, 'Room-Rentals Option 78', 'Room-Rentals', 'available', 'U43 R59-7241', 78, 'Premium Room-Rentals located in Grand Falls', 357, 0.00, 'https://picsum.photos/seed/77/800/600');
INSERT INTO account (accountID, email, password, permission) VALUES (79, 'amelia.miller@example.com', 'boat', 'user');
INSERT INTO address (addressID, country, province, district, street, houseNumber) VALUES (79, 'Canada', 'Nova Scotia', 'Cadillac', 'Bay Ave', '6744');
INSERT INTO userinfo (userID, accountID, FName, LName, gender, DOB, phone, email, createdDate, profile, address) VALUES (79, 79, 'Amelia', 'Miller', 'female', '1996-08-21', 'D08 F37-9236', 'amelia.miller@example.com', CURDATE(), 'https://randomuser.me/api/portraits/women/83.jpg', 'Bay Ave');
INSERT INTO paymentInfo (paymentID, userID, paymentType, cardCode, expireDate, cvv) VALUES (79, 79, 'Visa', '3155 6699 7072', '2029-01-01', '858');
INSERT INTO spot (spotID, name, type, status, phone, addressID, detail, price, discount, photo) VALUES (79, 'Luxury-Hotels Option 79', 'Luxury-Hotels', 'unavailable', 'D08 F37-9236', 79, 'Premium Luxury-Hotels located in Cadillac', 1145, 0.00, 'https://picsum.photos/seed/78/800/600');
INSERT INTO account (accountID, email, password, permission) VALUES (80, 'albert.frazier@example.com', 'eggman', 'user');
INSERT INTO address (addressID, country, province, district, street, houseNumber) VALUES (80, 'United Kingdom', 'Shropshire', 'Birmingham', 'Oaks Cross', '3209');
INSERT INTO userinfo (userID, accountID, FName, LName, gender, DOB, phone, email, createdDate, profile, address) VALUES (80, 80, 'Albert', 'Frazier', 'male', '2000-01-21', '017684 98593', 'albert.frazier@example.com', CURDATE(), 'https://randomuser.me/api/portraits/men/63.jpg', 'Oaks Cross');
INSERT INTO paymentInfo (paymentID, userID, paymentType, cardCode, expireDate, cvv) VALUES (80, 80, 'Visa', '5493 5839 8395', '2029-01-01', '181');
INSERT INTO spot (spotID, name, type, status, phone, addressID, detail, price, discount, photo) VALUES (80, 'Tour-Guides Option 80', 'Tour-Guides', 'available', '017684 98593', 80, 'Premium Tour-Guides located in Birmingham', 1924, 0.00, 'https://picsum.photos/seed/79/800/600');
INSERT INTO account (accountID, email, password, permission) VALUES (81, 'jacob.ross@example.com', 'thrasher', 'user');
INSERT INTO address (addressID, country, province, district, street, houseNumber) VALUES (81, 'Canada', 'Ontario', 'Wellington', '36th Ave', '6442');
INSERT INTO userinfo (userID, accountID, FName, LName, gender, DOB, phone, email, createdDate, profile, address) VALUES (81, 81, 'Jacob', 'Ross', 'male', '1980-10-12', 'N36 E79-6746', 'jacob.ross@example.com', CURDATE(), 'https://randomuser.me/api/portraits/men/96.jpg', '36th Ave');
INSERT INTO paymentInfo (paymentID, userID, paymentType, cardCode, expireDate, cvv) VALUES (81, 81, 'Visa', '1103 8216 6289', '2029-01-01', '963');
INSERT INTO spot (spotID, name, type, status, phone, addressID, detail, price, discount, photo) VALUES (81, 'Room-Rentals Option 81', 'Room-Rentals', 'unavailable', 'N36 E79-6746', 81, 'Premium Room-Rentals located in Wellington', 825, 0.00, 'https://picsum.photos/seed/80/800/600');
INSERT INTO account (accountID, email, password, permission) VALUES (82, 'leonard.davis@example.com', 'wordup', 'user');
INSERT INTO address (addressID, country, province, district, street, houseNumber) VALUES (82, 'United States', 'Montana', 'Oxnard', 'Walnut Hill Ln', '5172');
INSERT INTO userinfo (userID, accountID, FName, LName, gender, DOB, phone, email, createdDate, profile, address) VALUES (82, 82, 'Leonard', 'Davis', 'male', '1980-12-11', '(290) 686-5337', 'leonard.davis@example.com', CURDATE(), 'https://randomuser.me/api/portraits/men/16.jpg', 'Walnut Hill Ln');
INSERT INTO paymentInfo (paymentID, userID, paymentType, cardCode, expireDate, cvv) VALUES (82, 82, 'Visa', '9874 8239 4279', '2029-01-01', '196');
INSERT INTO spot (spotID, name, type, status, phone, addressID, detail, price, discount, photo) VALUES (82, 'Tour-Guides Option 82', 'Tour-Guides', 'available', '(290) 686-5337', 82, 'Premium Tour-Guides located in Oxnard', 296, 0.00, 'https://picsum.photos/seed/81/800/600');
INSERT INTO account (accountID, email, password, permission) VALUES (83, 'don.carr@example.com', 'cecilia', 'user');
INSERT INTO address (addressID, country, province, district, street, houseNumber) VALUES (83, 'United States', 'Texas', 'Rochmond', 'Valwood Pkwy', '9630');
INSERT INTO userinfo (userID, accountID, FName, LName, gender, DOB, phone, email, createdDate, profile, address) VALUES (83, 83, 'Don', 'Carr', 'male', '1965-02-21', '(826) 265-6531', 'don.carr@example.com', CURDATE(), 'https://randomuser.me/api/portraits/men/18.jpg', 'Valwood Pkwy');
INSERT INTO paymentInfo (paymentID, userID, paymentType, cardCode, expireDate, cvv) VALUES (83, 83, 'Visa', '8520 5323 7457', '2029-01-01', '553');
INSERT INTO spot (spotID, name, type, status, phone, addressID, detail, price, discount, photo) VALUES (83, 'Travel-Packages Option 83', 'Travel-Packages', 'available', '(826) 265-6531', 83, 'Premium Travel-Packages located in Rochmond', 1311, 0.00, 'https://picsum.photos/seed/82/800/600');
INSERT INTO account (accountID, email, password, permission) VALUES (84, 'brent.cook@example.com', 'patches', 'user');
INSERT INTO address (addressID, country, province, district, street, houseNumber) VALUES (84, 'United States', 'South Dakota', 'Greensboro', 'Cackson St', '8333');
INSERT INTO userinfo (userID, accountID, FName, LName, gender, DOB, phone, email, createdDate, profile, address) VALUES (84, 84, 'Brent', 'Cook', 'male', '1959-04-29', '(552) 675-7711', 'brent.cook@example.com', CURDATE(), 'https://randomuser.me/api/portraits/men/18.jpg', 'Cackson St');
INSERT INTO paymentInfo (paymentID, userID, paymentType, cardCode, expireDate, cvv) VALUES (84, 84, 'Visa', '9575 3553 9731', '2029-01-01', '885');
INSERT INTO spot (spotID, name, type, status, phone, addressID, detail, price, discount, photo) VALUES (84, 'Room-Rentals Option 84', 'Room-Rentals', 'available', '(552) 675-7711', 84, 'Premium Room-Rentals located in Greensboro', 1450, 0.00, 'https://picsum.photos/seed/83/800/600');
INSERT INTO account (accountID, email, password, permission) VALUES (85, 'arron.moreno@example.com', 'zildjian', 'user');
INSERT INTO address (addressID, country, province, district, street, houseNumber) VALUES (85, 'United States', 'Alabama', 'Des Moines', 'Spring St', '5485');
INSERT INTO userinfo (userID, accountID, FName, LName, gender, DOB, phone, email, createdDate, profile, address) VALUES (85, 85, 'Arron', 'Moreno', 'male', '1989-11-24', '(885) 955-8894', 'arron.moreno@example.com', CURDATE(), 'https://randomuser.me/api/portraits/men/67.jpg', 'Spring St');
INSERT INTO paymentInfo (paymentID, userID, paymentType, cardCode, expireDate, cvv) VALUES (85, 85, 'Visa', '6545 9447 9398', '2029-01-01', '107');
INSERT INTO spot (spotID, name, type, status, phone, addressID, detail, price, discount, photo) VALUES (85, 'Vehicle-Rental Option 85', 'Vehicle-Rental', 'available', '(885) 955-8894', 85, 'Premium Vehicle-Rental located in Des Moines', 325, 0.00, 'https://picsum.photos/seed/84/800/600');
INSERT INTO account (accountID, email, password, permission) VALUES (86, 'faith.bowman@example.com', 'case', 'user');
INSERT INTO address (addressID, country, province, district, street, houseNumber) VALUES (86, 'United Kingdom', 'County Londonderry', 'Lisburn', 'Victoria Street', '2504');
INSERT INTO userinfo (userID, accountID, FName, LName, gender, DOB, phone, email, createdDate, profile, address) VALUES (86, 86, 'Faith', 'Bowman', 'female', '1967-12-08', '016977 01546', 'faith.bowman@example.com', CURDATE(), 'https://randomuser.me/api/portraits/women/49.jpg', 'Victoria Street');
INSERT INTO paymentInfo (paymentID, userID, paymentType, cardCode, expireDate, cvv) VALUES (86, 86, 'Visa', '2525 8578 1942', '2029-01-01', '972');
INSERT INTO spot (spotID, name, type, status, phone, addressID, detail, price, discount, photo) VALUES (86, 'Travel-Packages Option 86', 'Travel-Packages', 'unavailable', '016977 01546', 86, 'Premium Travel-Packages located in Lisburn', 1224, 0.00, 'https://picsum.photos/seed/85/800/600');
INSERT INTO account (accountID, email, password, permission) VALUES (87, 'cameron.hunt@example.com', 'chains', 'user');
INSERT INTO address (addressID, country, province, district, street, houseNumber) VALUES (87, 'United States', 'Arizona', 'Evansville', 'Nowlin Rd', '2869');
INSERT INTO userinfo (userID, accountID, FName, LName, gender, DOB, phone, email, createdDate, profile, address) VALUES (87, 87, 'Cameron', 'Hunt', 'male', '1960-07-31', '(714) 409-8222', 'cameron.hunt@example.com', CURDATE(), 'https://randomuser.me/api/portraits/men/56.jpg', 'Nowlin Rd');
INSERT INTO paymentInfo (paymentID, userID, paymentType, cardCode, expireDate, cvv) VALUES (87, 87, 'Visa', '2357 6191 1008', '2029-01-01', '275');
INSERT INTO spot (spotID, name, type, status, phone, addressID, detail, price, discount, photo) VALUES (87, 'Room-Rentals Option 87', 'Room-Rentals', 'available', '(714) 409-8222', 87, 'Premium Room-Rentals located in Evansville', 671, 0.00, 'https://picsum.photos/seed/86/800/600');
INSERT INTO account (accountID, email, password, permission) VALUES (88, 'amelia.ferguson@example.com', '123789', 'user');
INSERT INTO address (addressID, country, province, district, street, houseNumber) VALUES (88, 'United States', 'Wisconsin', 'Pembroke Pines', 'Rolling Green Rd', '4973');
INSERT INTO userinfo (userID, accountID, FName, LName, gender, DOB, phone, email, createdDate, profile, address) VALUES (88, 88, 'Amelia', 'Ferguson', 'female', '1966-12-12', '(777) 753-2952', 'amelia.ferguson@example.com', CURDATE(), 'https://randomuser.me/api/portraits/women/25.jpg', 'Rolling Green Rd');
INSERT INTO paymentInfo (paymentID, userID, paymentType, cardCode, expireDate, cvv) VALUES (88, 88, 'Visa', '3061 6236 4530', '2029-01-01', '131');
INSERT INTO spot (spotID, name, type, status, phone, addressID, detail, price, discount, photo) VALUES (88, 'Travel-Packages Option 88', 'Travel-Packages', 'unavailable', '(777) 753-2952', 88, 'Premium Travel-Packages located in Pembroke Pines', 634, 0.00, 'https://picsum.photos/seed/87/800/600');
INSERT INTO account (accountID, email, password, permission) VALUES (89, 'alison.mckinney@example.com', 'vegeta', 'user');
INSERT INTO address (addressID, country, province, district, street, houseNumber) VALUES (89, 'United Kingdom', 'Tyne and Wear', 'Newport', 'Manchester Road', '1209');
INSERT INTO userinfo (userID, accountID, FName, LName, gender, DOB, phone, email, createdDate, profile, address) VALUES (89, 89, 'Alison', 'Mckinney', 'female', '1972-07-25', '017683 64420', 'alison.mckinney@example.com', CURDATE(), 'https://randomuser.me/api/portraits/women/2.jpg', 'Manchester Road');
INSERT INTO paymentInfo (paymentID, userID, paymentType, cardCode, expireDate, cvv) VALUES (89, 89, 'Visa', '7411 1175 1641', '2029-01-01', '215');
INSERT INTO spot (spotID, name, type, status, phone, addressID, detail, price, discount, photo) VALUES (89, 'Vehicle-Rental Option 89', 'Vehicle-Rental', 'available', '017683 64420', 89, 'Premium Vehicle-Rental located in Newport', 2001, 0.00, 'https://picsum.photos/seed/88/800/600');
INSERT INTO account (accountID, email, password, permission) VALUES (90, 'zoe.bell@example.com', 'septembe', 'user');
INSERT INTO address (addressID, country, province, district, street, houseNumber) VALUES (90, 'United Kingdom', 'West Yorkshire', 'Swansea', 'The Green', '2825');
INSERT INTO userinfo (userID, accountID, FName, LName, gender, DOB, phone, email, createdDate, profile, address) VALUES (90, 90, 'Zoe', 'Bell', 'female', '1949-04-17', '016977 88096', 'zoe.bell@example.com', CURDATE(), 'https://randomuser.me/api/portraits/women/26.jpg', 'The Green');
INSERT INTO paymentInfo (paymentID, userID, paymentType, cardCode, expireDate, cvv) VALUES (90, 90, 'Visa', '7335 7503 9894', '2029-01-01', '933');
INSERT INTO spot (spotID, name, type, status, phone, addressID, detail, price, discount, photo) VALUES (90, 'Vehicle-Rental Option 90', 'Vehicle-Rental', 'available', '016977 88096', 90, 'Premium Vehicle-Rental located in Swansea', 890, 0.00, 'https://picsum.photos/seed/89/800/600');
INSERT INTO account (accountID, email, password, permission) VALUES (91, 'katherine.ferguson@example.com', '66666', 'user');
INSERT INTO address (addressID, country, province, district, street, houseNumber) VALUES (91, 'United Kingdom', 'West Yorkshire', 'Truro', 'Green Lane', '2356');
INSERT INTO userinfo (userID, accountID, FName, LName, gender, DOB, phone, email, createdDate, profile, address) VALUES (91, 91, 'Katherine', 'Ferguson', 'female', '1969-10-24', '0161 698 2482', 'katherine.ferguson@example.com', CURDATE(), 'https://randomuser.me/api/portraits/women/80.jpg', 'Green Lane');
INSERT INTO paymentInfo (paymentID, userID, paymentType, cardCode, expireDate, cvv) VALUES (91, 91, 'Visa', '6065 5908 8657', '2029-01-01', '175');
INSERT INTO spot (spotID, name, type, status, phone, addressID, detail, price, discount, photo) VALUES (91, 'Room-Rentals Option 91', 'Room-Rentals', 'available', '0161 698 2482', 91, 'Premium Room-Rentals located in Truro', 1009, 0.00, 'https://picsum.photos/seed/90/800/600');
INSERT INTO account (accountID, email, password, permission) VALUES (92, 'teresa.steeves@example.com', 'rrrr', 'user');
INSERT INTO address (addressID, country, province, district, street, houseNumber) VALUES (92, 'United States', 'Michigan', 'Springfield', 'Valley View Ln', '7565');
INSERT INTO userinfo (userID, accountID, FName, LName, gender, DOB, phone, email, createdDate, profile, address) VALUES (92, 92, 'Teresa', 'Steeves ', 'female', '1946-11-17', '(928) 335-8057', 'teresa.steeves@example.com', CURDATE(), 'https://randomuser.me/api/portraits/women/64.jpg', 'Valley View Ln');
INSERT INTO paymentInfo (paymentID, userID, paymentType, cardCode, expireDate, cvv) VALUES (92, 92, 'Visa', '5283 7070 9397', '2029-01-01', '614');
INSERT INTO spot (spotID, name, type, status, phone, addressID, detail, price, discount, photo) VALUES (92, 'Vehicle-Rental Option 92', 'Vehicle-Rental', 'unavailable', '(928) 335-8057', 92, 'Premium Vehicle-Rental located in Springfield', 1724, 0.00, 'https://picsum.photos/seed/91/800/600');
INSERT INTO account (accountID, email, password, permission) VALUES (93, 'elizabeth.chow@example.com', '57chevy', 'user');
INSERT INTO address (addressID, country, province, district, street, houseNumber) VALUES (93, 'Canada', 'British Columbia', 'Brockton', 'Cedar St', '1429');
INSERT INTO userinfo (userID, accountID, FName, LName, gender, DOB, phone, email, createdDate, profile, address) VALUES (93, 93, 'Elizabeth', 'Chow', 'female', '1975-11-13', 'W04 Q20-3598', 'elizabeth.chow@example.com', CURDATE(), 'https://randomuser.me/api/portraits/women/41.jpg', 'Cedar St');
INSERT INTO paymentInfo (paymentID, userID, paymentType, cardCode, expireDate, cvv) VALUES (93, 93, 'Visa', '4833 6118 5063', '2029-01-01', '674');
INSERT INTO spot (spotID, name, type, status, phone, addressID, detail, price, discount, photo) VALUES (93, 'Room-Rentals Option 93', 'Room-Rentals', 'available', 'W04 Q20-3598', 93, 'Premium Room-Rentals located in Brockton', 852, 0.00, 'https://picsum.photos/seed/92/800/600');
INSERT INTO account (accountID, email, password, permission) VALUES (94, 'gerald.herrera@example.com', '5wr2i7h8', 'user');
INSERT INTO address (addressID, country, province, district, street, houseNumber) VALUES (94, 'United States', 'Arizona', 'Helena', 'Robinson Rd', '7851');
INSERT INTO userinfo (userID, accountID, FName, LName, gender, DOB, phone, email, createdDate, profile, address) VALUES (94, 94, 'Gerald', 'Herrera', 'male', '1973-03-02', '(675) 699-4387', 'gerald.herrera@example.com', CURDATE(), 'https://randomuser.me/api/portraits/men/64.jpg', 'Robinson Rd');
INSERT INTO paymentInfo (paymentID, userID, paymentType, cardCode, expireDate, cvv) VALUES (94, 94, 'Visa', '8496 1546 5618', '2029-01-01', '802');
INSERT INTO spot (spotID, name, type, status, phone, addressID, detail, price, discount, photo) VALUES (94, 'Luxury-Hotels Option 94', 'Luxury-Hotels', 'available', '(675) 699-4387', 94, 'Premium Luxury-Hotels located in Helena', 1024, 0.00, 'https://picsum.photos/seed/93/800/600');
INSERT INTO account (accountID, email, password, permission) VALUES (95, 'miriam.cooper@example.com', 'willy1', 'user');
INSERT INTO address (addressID, country, province, district, street, houseNumber) VALUES (95, 'United States', 'Arizona', 'Westminster', 'Groveland Terrace', '5302');
INSERT INTO userinfo (userID, accountID, FName, LName, gender, DOB, phone, email, createdDate, profile, address) VALUES (95, 95, 'Miriam', 'Cooper', 'female', '1972-07-31', '(855) 214-5598', 'miriam.cooper@example.com', CURDATE(), 'https://randomuser.me/api/portraits/women/69.jpg', 'Groveland Terrace');
INSERT INTO paymentInfo (paymentID, userID, paymentType, cardCode, expireDate, cvv) VALUES (95, 95, 'Visa', '4404 2492 4556', '2029-01-01', '977');
INSERT INTO spot (spotID, name, type, status, phone, addressID, detail, price, discount, photo) VALUES (95, 'Luxury-Hotels Option 95', 'Luxury-Hotels', 'available', '(855) 214-5598', 95, 'Premium Luxury-Hotels located in Westminster', 1006, 0.00, 'https://picsum.photos/seed/94/800/600');
INSERT INTO account (accountID, email, password, permission) VALUES (96, 'edward.wright@example.com', 'leedsutd', 'user');
INSERT INTO address (addressID, country, province, district, street, houseNumber) VALUES (96, 'United Kingdom', 'North Yorkshire', 'Dundee', 'The Crescent', '718');
INSERT INTO userinfo (userID, accountID, FName, LName, gender, DOB, phone, email, createdDate, profile, address) VALUES (96, 96, 'Edward', 'Wright', 'male', '1963-05-26', '017687 81756', 'edward.wright@example.com', CURDATE(), 'https://randomuser.me/api/portraits/men/10.jpg', 'The Crescent');
INSERT INTO paymentInfo (paymentID, userID, paymentType, cardCode, expireDate, cvv) VALUES (96, 96, 'Visa', '5332 1590 6034', '2029-01-01', '976');
INSERT INTO spot (spotID, name, type, status, phone, addressID, detail, price, discount, photo) VALUES (96, 'Vehicle-Rental Option 96', 'Vehicle-Rental', 'unavailable', '017687 81756', 96, 'Premium Vehicle-Rental located in Dundee', 1617, 0.00, 'https://picsum.photos/seed/95/800/600');
INSERT INTO account (accountID, email, password, permission) VALUES (97, 'rachel.jones@example.com', 'ireland', 'user');
INSERT INTO address (addressID, country, province, district, street, houseNumber) VALUES (97, 'United Kingdom', 'County Londonderry', 'Truro', 'Grove Road', '8269');
INSERT INTO userinfo (userID, accountID, FName, LName, gender, DOB, phone, email, createdDate, profile, address) VALUES (97, 97, 'Rachel', 'Jones', 'female', '1991-11-03', '015394 23721', 'rachel.jones@example.com', CURDATE(), 'https://randomuser.me/api/portraits/women/54.jpg', 'Grove Road');
INSERT INTO paymentInfo (paymentID, userID, paymentType, cardCode, expireDate, cvv) VALUES (97, 97, 'Visa', '5885 6093 8589', '2029-01-01', '365');
INSERT INTO spot (spotID, name, type, status, phone, addressID, detail, price, discount, photo) VALUES (97, 'Travel-Packages Option 97', 'Travel-Packages', 'available', '015394 23721', 97, 'Premium Travel-Packages located in Truro', 272, 0.00, 'https://picsum.photos/seed/96/800/600');
INSERT INTO account (accountID, email, password, permission) VALUES (98, 'bernard.riley@example.com', 'drum', 'user');
INSERT INTO address (addressID, country, province, district, street, houseNumber) VALUES (98, 'United States', 'South Carolina', 'Mesa', 'Adams St', '3257');
INSERT INTO userinfo (userID, accountID, FName, LName, gender, DOB, phone, email, createdDate, profile, address) VALUES (98, 98, 'Bernard', 'Riley', 'male', '1964-12-24', '(717) 723-4090', 'bernard.riley@example.com', CURDATE(), 'https://randomuser.me/api/portraits/men/84.jpg', 'Adams St');
INSERT INTO paymentInfo (paymentID, userID, paymentType, cardCode, expireDate, cvv) VALUES (98, 98, 'Visa', '7389 7413 5879', '2029-01-01', '805');
INSERT INTO spot (spotID, name, type, status, phone, addressID, detail, price, discount, photo) VALUES (98, 'Travel-Packages Option 98', 'Travel-Packages', 'unavailable', '(717) 723-4090', 98, 'Premium Travel-Packages located in Mesa', 1268, 0.00, 'https://picsum.photos/seed/97/800/600');
INSERT INTO account (accountID, email, password, permission) VALUES (99, 'liam.gill@example.com', 'hall', 'user');
INSERT INTO address (addressID, country, province, district, street, houseNumber) VALUES (99, 'Canada', 'British Columbia', 'Cadillac', 'Maple Ave', '6896');
INSERT INTO userinfo (userID, accountID, FName, LName, gender, DOB, phone, email, createdDate, profile, address) VALUES (99, 99, 'Liam', 'Gill', 'male', '1981-04-21', 'U63 Q46-6926', 'liam.gill@example.com', CURDATE(), 'https://randomuser.me/api/portraits/men/2.jpg', 'Maple Ave');
INSERT INTO paymentInfo (paymentID, userID, paymentType, cardCode, expireDate, cvv) VALUES (99, 99, 'Visa', '8473 4389 8750', '2029-01-01', '221');
INSERT INTO spot (spotID, name, type, status, phone, addressID, detail, price, discount, photo) VALUES (99, 'Travel-Packages Option 99', 'Travel-Packages', 'available', 'U63 Q46-6926', 99, 'Premium Travel-Packages located in Cadillac', 350, 0.00, 'https://picsum.photos/seed/98/800/600');
INSERT INTO account (accountID, email, password, permission) VALUES (100, 'dustin.vargas@example.com', 'onetwo', 'user');
INSERT INTO address (addressID, country, province, district, street, houseNumber) VALUES (100, 'United Kingdom', 'Wiltshire', 'Ripon', 'Oaks Cross', '6934');
INSERT INTO userinfo (userID, accountID, FName, LName, gender, DOB, phone, email, createdDate, profile, address) VALUES (100, 100, 'Dustin', 'Vargas', 'male', '1966-10-11', '016977 9567', 'dustin.vargas@example.com', CURDATE(), 'https://randomuser.me/api/portraits/men/85.jpg', 'Oaks Cross');
INSERT INTO paymentInfo (paymentID, userID, paymentType, cardCode, expireDate, cvv) VALUES (100, 100, 'Visa', '2611 1014 7837', '2029-01-01', '386');
INSERT INTO spot (spotID, name, type, status, phone, addressID, detail, price, discount, photo) VALUES (100, 'Luxury-Hotels Option 100', 'Luxury-Hotels', 'unavailable', '016977 9567', 100, 'Premium Luxury-Hotels located in Ripon', 759, 0.00, 'https://picsum.photos/seed/99/800/600');

COMMIT;
